#Data,Import,Orgánica,Area,Funcional,Económica,Nom terc.,Text lliure,Document
2016-03-30,202.5,11,Educació,3231,22610,"MAS SALA, ISABEL",V JORNADA EDUCACIÓ INFANTIL,1
2016-03-30,151.25,01,Presidència-Òrgans de govern,912,22601,"RUÍZ CARMONA, NADIA (EL JARDINET DE LES FADES)",CENTRE FLORAL FUNERARI,0002
2016-03-30,390.83,21,Gent gran,337,22611,"FRUITÓS PIQUÉ, GEMMA - GIM GEMMA",ACONDICIONAMENT FÍSIC GENT GRAN FEBRER 2016,28
2016-03-30,91.96,13,Esports,341,22609,"FRUITÓS PIQUÉ, GEMMA - GIM GEMMA",TALLER MOVILITAT FUNCIONAL GENT GRAN FEBRER 2016,29
2016-03-30,130.0,08,Cultura,3321,22609,"BALLESTEROS, ANA ISABEL (TACTILICUÄ, gabinet enginyós)","SESSÓ CONTES """"PRINCESES BLAVES"""" A LA BIBLIOTECA 15/01/16",31
2016-03-15,174.24,08,Cultura,338,22612,"FERNANDEZ LOPEZ, MANUELA  ( IMAFER )",FOTOGRAFIES CARNAVAL 2016,67
2016-03-15,1610.44,18,Serveis de manteniment d'edificis i inversions,451,20200,"JOMAG, SL",LLOGUER LOCAL MAGATZEM BRIGADA MARÇ 2016,0088
2016-03-30,211.75,03,Seguretat ciutadana,130,21900,"DRAGCLIC, S.L.",Programa informàtic de gestió policial DRAG MARÇ 2016,139
2016-03-15,700.0,08,Cultura,338,22612,"ESCLUSA RECIO, SANDRA - FLECA PASTISSERIA SANDRA",ENTREPANS CARNAVAL 2016,150
2016-03-15,258.6,08,Cultura,338,22612,"ESCLUSA RECIO, SANDRA - FLECA PASTISSERIA SANDRA",ENTREPANS CARNAVAL 2016,150
2016-03-15,278.5,13,Esports,341,22609,"ESCLUSA RECIO, SANDRA - FLECA PASTISSERIA SANDRA",ENTREPANS I BOSSES DE PAPER CURSA POPULAR,152
2016-03-15,1068.8,17,Ocupació,242,22707,"MARGARETON, SL",ECONOMIA DE LA EMPRESA no lectivas / ECONOMIA DE LA EMPRESA / MATEMATICAS no lectivas / MATEMATICAS / SOCIOLOGIA no lect,1655
2016-03-30,304.92,14,Dona i igualtat,231,22608,"MAYOR MARTIN, MARIA DEL PILAR - RAISMA",SAMARRETAS DONA.,16103
2016-03-30,9.99,06,Serveis municipals i via pública,1623,22700,"INNOVET-98,S.L.  - MASCAROL",INCINERACIÓ,41547
2016-03-30,84.0,16,Serveis socials,231,48003,EL GRUP DE POLINYA,ESPLAI DIARI I SUPORT A FAMÍLIES GENER 2016,02/16
2016-03-30,249.6,08,Cultura,334,22609,"GIRAVENT PALLEROLA, SONIA",CURS PINTURA FEBRER 2016,2/2016
2016-03-30,175.0,21,Gent gran,337,22611,MONTSERRAT GURRI,TALLER CORAL FEBRER 2016,2/16
2016-03-15,2552.25,05,Obres,430,62200,"CONSTRUCTORA Y REHABILITADORA SECLA,SA",Obres per comunicar dos vivers a Can Gavarra,02/02
2016-03-30,3989.8,16,Serveis socials,231,22709,EL GRUP DE POLINYA,DINAMITZACIÓ AULA DE TARDA FEBRER 2016,03/16
2016-03-30,130.0,08,Cultura,3321,22609,"JARILLO MOLINA, ANA BELEN","SESSIÓ HORA DEL CONTE """"UN GARBUIX D'EMOCIONS"""" A LA BIBLIOTECA EL 19/02/16",03-2016
2016-03-30,84.0,16,Serveis socials,231,48003,EL GRUP DE POLINYA,ESPLAI I DIARI I SUPORT FAMÍLIES INFANTS FEBRER 2016,04/16
2016-03-15,302.5,09,"Comunicació, participació ciutadana i qualitat democràtica",9232,22602,"CANO DE ARRIBAS, JOSEP","Reportatge fotogràfic """"Carnaval 2016 a les escoles de Polinyà""""",07/16
2016-03-15,968.0,08,Cultura,338,22612,ELS FARSANTS SCP,ACTUACIÓ ANIMACIÓ CARNAVAL,07/16
2016-03-15,148.5,01,Presidència-Òrgans de govern,912,22601,"PRIETO ALDANA, CARMEN - LA FLORISTERIA DE CARMEN",CENTRE MORTUORI DEFUNCIÓ M. AVILES RODENA,07/16
2016-03-30,605.0,09,"Comunicació, participació ciutadana i qualitat democràtica",9232,22602,"CANO DE ARRIBAS, JOSEP","Reportatge fotogràfic """"Rutes a peu per Polinyà""""",08/16
2016-03-15,40.44,21,Gent gran,337,22611,"MARCTECNIC POLINYA, S. L.",GRAPADORES I GRAPES - MIGUEL FERRE,51717
2016-03-15,275.0,20,Promoció econòmica,430,22000,"MARCTECNIC POLINYA, S. L.",PAPER DIN-A4 CAN GAVARRA,51718
2016-03-15,617.95,18,Serveis de manteniment d'edificis i inversions,9290,21200,"MARCTECNIC POLINYA, S. L.",MAMPARES SEPARADORES AAPP,51719
2016-03-15,18.51,21,Gent gran,337,22611,"MARCTECNIC POLINYA, S. L.",ARGILA I GRAPES - MIQUEL FERRE,51720
2016-03-15,555.43,02,Serveis generals,920,62501,"MARCTECNIC POLINYA, S. L.",2 CADIRES AJUNTAMENT,51721
2016-03-15,29.91,19,Àmbit de solidaritat,231,22608,"MARCTECNIC POLINYA, S. L.",ESTOIG LLAPISSOS AAPP,51722
2016-03-15,277.71,02,Serveis generals,920,62501,"MARCTECNIC POLINYA, S. L.",CADIRA PER SECRETARIA ,52140
2016-03-15,109.08,18,Serveis de manteniment d'edificis i inversions,3230,21200,"SEREMEX - Manteniments i instal. contra incendis SICI 2012, S.L.",REVISIÓ SISTEMA DETECCIÓ INCENDIS ESCOLA ROSER CAPDEVILA 2015,54182
2016-03-15,73.57,18,Serveis de manteniment d'edificis i inversions,3230,21200,"SEREMEX - Manteniments i instal. contra incendis SICI 2012, S.L.",REVISIÓ SISTEMA DETECCIÓ INCENDIS ESCOLA ROSER CAPDEVILA 2015,54183
2016-03-30,37.58,11,Educació,3231,22199,"MARCTECNIC POLINYA, S. L.",MATERIAL ESCOLA BADABADOC,60227
2016-03-30,37.58,11,Educació,3231,22199,"MARCTECNIC POLINYA, S. L.",MATERIAL ESCOLA GINESTA,60228
2016-03-30,38.5,12,Àrea d'atenció a les persones,9290,22000,"MARCTECNIC POLINYA, S. L.",MATERIAL GISSELA DRESBACH,60233
2016-03-15,196.38,18,Serveis de manteniment d'edificis i inversions,342,21200,"CATALANA DE CLIMA I C.LLONCH,S.L.",CORRECTIUS CLIMA BAR CAMP DE FUTBOL,151415
2016-03-15,38.5,18,Serveis de manteniment d'edificis i inversions,451,22199,"CANALS BOLAÑOS, ALICIA","MATERIAL MANTENIMENT Centro Cívico, albarán: 160084",160006
2016-03-15,16.41,18,Serveis de manteniment d'edificis i inversions,451,22199,"CANALS BOLAÑOS, ALICIA","MATERIAL MANTENIMENT Casal de la Gent Gran, albarán: 160141",160007
2016-03-30,161.62,18,Serveis de manteniment d'edificis i inversions,451,22199,"CANALS BOLAÑOS, ALICIA",MATERIAL MANTENIMENT ESCOLA ROSER CAPDEVILA,160009
2016-03-30,42.01,15,Salut i consum ,311,22709,"CANALS BOLAÑOS, ALICIA","Salut publica, albarán: 160117",160010
2016-03-30,36.0,03,Seguretat ciutadana,130,22699,"CANALS BOLAÑOS, ALICIA","Policia Local, Albaran: 160003",160011
2016-03-30,68.04,18,Serveis de manteniment d'edificis i inversions,451,22199,"CANALS BOLAÑOS, ALICIA","MATERIAL MANTENIMENT Campo de futbol, albarán: 160026 / Campo de futbol, albarán: 160059",160012
2016-03-30,171.43,18,Serveis de manteniment d'edificis i inversions,451,22199,"CANALS BOLAÑOS, ALICIA",MATERIAL MANTENIMENT Escola de Polinyà,160013
2016-03-30,19.46,18,Serveis de manteniment d'edificis i inversions,451,22199,"CANALS BOLAÑOS, ALICIA","MATERIAL MANTENIMENT Bresol Ginesta, albaran: 160135 / Bresol Ginesta, albaran: 160144 / Bresol Ginesta, albaran: 160145",160015
2016-03-30,0.48,18,Serveis de manteniment d'edificis i inversions,451,22199,"CANALS BOLAÑOS, ALICIA","MATERIAL Brigada de obra, albarán:160008",160016
2016-03-15,171.99,16,Serveis socials,231,48003,"ENDERMAR COLECTIVIDADES, SL",AJUTS MENJADOR ESCOLA ROSER CAPDEVILA GENER 2016,160042
2016-03-15,123.41,16,Serveis socials,231,48003,"ENDERMAR COLECTIVIDADES, SL","AJUT MENJADOR ESCOLA ROSER CAPDEVILA NOV., DES. 2015 I GENER 2016 ",160043
2016-03-30,185.09,02,Serveis generals,920,21600,SOLUCIONES INFORMATICAS ISGO,MANTENIMENT INFORMÀTIC FEBRER 2016,160053
2016-03-30,1205.16,02,Serveis generals,920,21900,SOLUCIONES INFORMATICAS ISGO,RENOVACIÓ ANTIVIRUS AD 465/16,160087
2016-03-30,901.6,18,Serveis de manteniment d'edificis i inversions,342,21200,"CATALANA DE CLIMA I C.LLONCH,S.L.",CORRECTIUS CLIMA CAMP DE FUTBOL (2015),160161
2016-03-30,295.29,18,Serveis de manteniment d'edificis i inversions,3231,21200,"CATALANA DE CLIMA I C.LLONCH,S.L.",CORRECTIU CLIMA EBM GINESTA (2015),160164
2016-03-30,1262.22,18,Serveis de manteniment d'edificis i inversions,9290,21200,"CATALANA DE CLIMA I C.LLONCH,S.L.",CORRECTIU CLIMA LOCAL AAPP (2015),160166
2016-03-15,1197.35,02,Serveis generals,920,22400,AFIS - Corredoria d'assegurances,POL. ARAG 45-0026280 ( Assistència jurídica general Ajuntament Polinya període assegurança: 30-03-2016 a 29-03-2017 ),160183
2016-03-30,1150.0,02,Serveis generals,920,22400,AFIS - Corredoria d'assegurances,Contracte serveis assessorament i mediació assegurances ( Periode 2º trimestre (05/09/2015 al 05/12/2015),160203
2016-03-30,1150.0,02,Serveis generals,920,22400,AFIS - Corredoria d'assegurances,Contracte serveis assessorament i mediació assegurances ( Periode 3º trimestre (05/12/2015 al 05/03/2016),160204
2016-03-30,1150.0,02,Serveis generals,920,22400,AFIS - Corredoria d'assegurances,Contracte serveis assessorament i mediació assegurances ( Periode 4º Trimestre (05/03/2016 al 05/06/2016),160205
2016-03-30,2184.05,02,Serveis generals,920,22400,AFIS - Corredoria d'assegurances,ASSEGURANÇA ACCIDENTS COL·LECTIUS DE L'l 01/03/2016 A L' 01/03/2017,160218
2016-03-30,82.9,16,Serveis socials,231,46500,"HOTEL GRILL BARBERA, S.A. (CAMPANILE)",ESTADA HOTEL PER INCENDI ,193195
2016-03-30,250.98,02,Serveis generals,920,22000,"JM BRUNEAU ESPAÑA, S.A.",MATERIAL OFICINA,237.564
2016-03-30,4.83,02,Serveis generals,920,22000,"JM BRUNEAU ESPAÑA, S.A.",MATERIAL OFICINA,237.647
2016-03-15,1978.35,13,Esports,341,22609,"GUANTES BASPIN, S.L.",VESTUARI CURSA POPULAR 2016,0339016
2016-03-30,66.16,08,Cultura,3321,21500,PAPERERIA MARIA CRISTINA GRUP,"C. negro. Máq. 505546 Mod. MX-M232D Contador: anterior 19821 , actual 25500 - FOTOCOPIADORA BIBLIOTECA",1050055
2016-03-15,177.56,18,Serveis de manteniment d'edificis i inversions,451,22103,"DISA PENINSULA, S.L.U.",CARBURANT VEHICLES BRIGADA I TERRITORI GENER 2016,001253426
2016-03-30,274.22,03,Seguretat ciutadana,130,22103,"DISA PENINSULA, S.L.U.",COMBUSTIBLE VEHICLES POLICIALS FEBRER 2016,001261813
2016-03-30,720.15,09,"Comunicació, participació ciutadana i qualitat democràtica",9232,22602,"GRAFIQUES MOGENT, SL",IMPRESSIÓ AGENDA FEBRER 2016,2011427
2016-03-30,411.4,02,Serveis generals,920,22000,"GRAFIQUES MOGENT, SL",2.000 Carpetes EXPEDIENT / Mida 315x440 mm / Impressió 1 tinta / Paper ready 240gr / Fendits,2011428
2016-03-30,720.12,09,"Comunicació, participació ciutadana i qualitat democràtica",9232,22602,"GRAFIQUES MOGENT, SL",IMPRESSIÓ AGENDA MARÇ 2016,2011469
2016-03-15,45.0,18,Serveis de manteniment d'edificis i inversions,430,21200,BALDOMERO BARROSO FENÁNDEZ (ROSBAL),REPARACIÓ PORTA DESPATX CAN GAVARRA,2016010
2016-03-15,225.0,18,Serveis de manteniment d'edificis i inversions,430,21200,BALDOMERO BARROSO FENÁNDEZ (ROSBAL),VIDRE 6/12/6 CAN GAVARRA DESPATX nº 3 PER SINISTRE DE ROBATORI,2016014
2016-03-30,60.5,18,Serveis de manteniment d'edificis i inversions,3231,21200,BALDOMERO BARROSO FENÁNDEZ (ROSBAL),REPARACIÓ PORTA ENTRADA EBM GINESTA,2016020
2016-03-15,24.41,02,Serveis generals,920,21500,"EQUIPS D'OFICINA SALVANS, S.L.",CÒPIES IMPRESSORA 4668 ANT: 46473 ACT: 48714 UBI: RECEPCIÓ,16000141
2016-03-15,17.27,02,Serveis generals,920,21500,"EQUIPS D'OFICINA SALVANS, S.L.",CÒPIES FOTOCOPIADORA 4922 ANT: 31562 ACT: 33148 UBI: TERRITORI,16000659
2016-03-30,67.03,03,Seguretat ciutadana,130,21500,"EQUIPS D'OFICINA SALVANS, S.L.",CÒPIES FOTOCOPIADORA 4826 ANT: 60882 ACT: 67037 UBI: POLICIA LOCAL,16000660
2016-03-15,28.47,02,Serveis generals,920,21500,"EQUIPS D'OFICINA SALVANS, S.L.",CÒPIES FOTOCOPIADORA 4669 ANT: 44306 ACT: 46920 UBI: 1ª PLANTA SS.GG.,16000661
2016-03-15,14.01,02,Serveis generals,920,21500,"EQUIPS D'OFICINA SALVANS, S.L.",CÒPIES IMPRESSORA 2935 BN ANT: 25617 ACT: 26220 UBI: ALCALDIA / 2935 CO ANT: 12960 ACT: 12993 UBI: ALCALDIA,16000662
2016-03-30,481.74,17,Ocupació,241,21500,"EQUIPS D'OFICINA SALVANS, S.L.","5350 BN ANT: 114226 ACT: 126927 UBI: Formació d'Adults """"El Roure"""" / 5350 CL ANT: 48944 ACT: 56992",16000663
2016-03-15,188.75,02,Serveis generals,920,21500,"EQUIPS D'OFICINA SALVANS, S.L.",CÒPIES 5349 BN ANT: 47804 ACT: 54062 UBI: DPT. SERVEIS GENERALS / 5349 CL ANT: 14479 ACT: 17440,16000664
2016-03-15,236.53,02,Serveis generals,920,21500,"EQUIPS D'OFICINA SALVANS, S.L.",CÒPIES 5348 BN ANT: 39467  ACT: 43293 UBI: DPT. TERRITORI 5348 CL ANT: 35202 ACT: 39515,16000665
2016-03-15,258.5,02,Serveis generals,920,21500,"EQUIPS D'OFICINA SALVANS, S.L.",CÒPIES 4667 BN ANT: 83869 ACT: 90037 UBI: PLANTA BAIXA / 4667 CL ANT: 33400 ACT: 37896,16000666
2016-03-15,1.44,02,Serveis generals,920,21500,"EQUIPS D'OFICINA SALVANS, S.L.",CÒPIES IMPRESSORA TERRITORI 6024 BN ANT: 0 ACT: 132,16000667
2016-03-15,83.6,12,Àrea d'atenció a les persones,9290,21500,"EQUIPS D'OFICINA SALVANS, S.L.",CÒPIES IMPRESSORA AAPP ANT: 0 ACT: 2857,16000668
2016-03-30,36.47,02,Serveis generals,920,22201,"DIMO EXPRES, S.L. - UNIPOST, SERVICIO POSTAL GLOBAL",SERVEI ENVIAMENT CARTES FEBRER 2016,20.160.067
2016-03-15,32.67,02,Serveis generals,920,22200,"B.C. SISTEMAS DE COMUNICACIÓN, S.L.",Programación remota por unidad Horario Normal,41600477
2016-03-15,3177.85,02,Serveis generals,920,21300,"B.C. SISTEMAS DE COMUNICACIÓN, S.L.",SLA A + 24H OXO - MANTENIMENT SERVEI COMUNICACIÓ AJUNTAMENT,44600101
2016-03-15,129.8,10,Joventut,337,22609,EL CORTE INGLES,JUEGOS PS4 (  Nº pedido:  - Nº albarán: ) / JUEGOS PS4 (  Nº pedido:  - Nº albarán: ),0092262321
2016-03-30,192.39,18,Serveis de manteniment d'edificis i inversions,1530,21000,"BENITO URBAN, S.L.U.",Barrera TRES SECUR 1500 gris 2900 sablé / Transporte,0210443346
2016-03-15,80.71,18,Serveis de manteniment d'edificis i inversions,451,22199,"COMERCIAL LIDER, S.A.",MATERIAL MANTENIMENT BRIGADA,604000083
2016-03-15,38.01,18,Serveis de manteniment d'edificis i inversions,451,22199,"COMERCIAL LIDER, S.A.",MATERIAL MANTENIMENT ESCOLA BRESSOL BADABADOC,604000084
2016-03-15,252.78,18,Serveis de manteniment d'edificis i inversions,451,22199,"COMERCIAL LIDER, S.A.",MATERIAL MANTENIMENT ESCOLA ROSER CAPDEVILA,604000085
2016-03-15,6.86,18,Serveis de manteniment d'edificis i inversions,451,22199,"COMERCIAL LIDER, S.A.",MATERIAL MANTENIMENT AJUNTAMENT,604000086
2016-03-15,51.88,18,Serveis de manteniment d'edificis i inversions,451,22199,"COMERCIAL LIDER, S.A.",MATERIAL MANTENIMENT CAMP DE FUTBOL,604000087
2016-03-15,15.31,18,Serveis de manteniment d'edificis i inversions,451,22199,"COMERCIAL LIDER, S.A.",MATERIAL MANTENIMENT EBM BADABADOC,604000088
2016-03-15,15.94,18,Serveis de manteniment d'edificis i inversions,451,22199,"COMERCIAL LIDER, S.A.",MATERIAL MANTENIMENT EBM GINESTA,604000089
2016-03-15,48.4,18,Serveis de manteniment d'edificis i inversions,451,22199,"COMERCIAL LIDER, S.A.",MATERIAL MANTENIMENT ROURE (PROMOCIÓ ECONÒMICA),604000090
2016-03-30,294.16,18,Serveis de manteniment d'edificis i inversions,451,22199,"COMERCIAL LIDER, S.A.",MATERIAL MANTENIMENT CENTRE CÍVIC,604000253
2016-03-30,47.94,18,Serveis de manteniment d'edificis i inversions,451,22199,"COMERCIAL LIDER, S.A.",MATERIAL MANTENIMENT BIBLIOTECA,604000254
2016-03-15,67.92,03,Seguretat ciutadana,130,22699,"COMERCIAL LIDER, S.A.",BRIDES POLICIA,604000255
2016-03-15,3029.51,06,Serveis municipals i via pública,161,22608,"IBBE ELECTRICIDAD,S.A.",LEGALITZACIÓ INSTAL. ELÈCTRICA POU CAN COLL,608160096
2016-03-15,1134.94,06,Serveis municipals i via pública,161,22608,"IBBE ELECTRICIDAD,S.A.",LEGALITZACIÓ INSTAL. ELÈCTRICA POU CAN ROVIRA,608160097
2016-03-30,282.83,06,Serveis municipals i via pública,161,22608,"IBBE ELECTRICIDAD,S.A.",CANVIAR DETECTOR SOBRETENSIÓ QUADRE POU CAN ROVIRA,608160098
2016-03-30,945.38,08,Cultura,3321,22605,CENTRO ESPAÑOL DE DERECHOS REPROGRÁFICOS (CEDRO),,1800000066
2016-03-30,198.53,08,Cultura,3321,22605,CENTRO ESPAÑOL DE DERECHOS REPROGRÁFICOS (CEDRO),,1800000066
2016-03-15,344.76,02,Serveis generals,920,22201,"SOCIEDAD ESTATAL CORREOS Y TELÉGRAFOS,S.A.",SERVEI CORREUS GENER 2016,4001719486
2016-03-30,49.5,06,Serveis municipals i via pública,1623,22700,ECOLOGICA IBER. Y MEDITERRANEA S.A.,RECOLLIDA CONTENIDORS BIOSANITARIS,4009047594
2016-03-30,322.59,02,Serveis generals,920,22000,"LYRECO ESPAÑA, SA. ( OFISERVICE - ANTALIS )",MATERIAL OFICINA,7310277837
2016-03-30,96.03,08,Cultura,334,22606,"LYRECO ESPAÑA, SA. ( OFISERVICE - ANTALIS )",MATERIAL CULTURA PER NETEJA OBJETES MUSEU,7310277838
2016-03-15,338.8,18,Serveis de manteniment d'edificis i inversions,342,21200,"METREVER SERVEIS I MANTENIMENT, S.L.",SUBSTITUCIÓ LÀMPADA FOCUS TORRETA,0169-16
2016-03-30,1438.03,06,Serveis municipals i via pública,342,22707,"INTEGRACION SOCIAL DE MINUSVALIDOS, SL",Servei de conducció i manteniment del recinte del camp de fútbol municipal durant el mes de Gener,033-16
2016-03-30,794.93,13,Esports,342,22707,"INTEGRACION SOCIAL DE MINUSVALIDOS, SL",Servei de conducció i manteniment del recinte del camp de fútbol municipal durant el mes de Gener,033-16
2016-03-15,11915.47,06,Serveis municipals i via pública,1623,22700,CONSORCI GESTIO DE RESIDUS DEL  VALLES OCCIDENTAL,TONES RESTA CTR-VALLÈS MES GENER 2016,041/2016
2016-03-15,561.3,06,Serveis municipals i via pública,1623,22700,CONSORCI GESTIO DE RESIDUS DEL  VALLES OCCIDENTAL,TONES VOLUMINOSOS PLANTA INTERCOM.MES GENER 2016,057/2016
2016-03-15,353.43,06,Serveis municipals i via pública,1621,22700,"VERDMON GESTIÓ AMBIENTAL, S.L.",UT.RECOLLIDA DE RESIDUS AMB CONTINGUT D'AMIANT / KG. TRANSPORT I GESTIO DE RESIDUS EN ABOCADOR AUTORITZAT,1 006454
2016-03-15,1901.58,18,Serveis de manteniment d'edificis i inversions,3230,21200,"URBE SBD,SL",REF.: Pressupost 003499   Obra: Escola Bressol Bada Badoc zona: Polinyà  ESCOLA BRESSOL BADA BADOC,1 103330
2016-03-30,1057.12,06,Serveis municipals i via pública,171,22709,"URBE SBD,SL",MANTENIMENT JOCS INFANTILS I SALUDABLES FEBRER 2016,1 103364
2016-03-30,502.15,03,Seguretat ciutadana,130,20400,"MUELAS NAVARRETE, RAFAEL - GRUAS SANTA COLOMA",SERVEI GRÚA FEBRER 2016,1 160009
2016-03-30,32.43,11,Educació,3231,22199,"PRODER,S.A.",GUANTS EBM BADABADOC,1 178928
2016-03-30,32.43,11,Educació,3231,22199,"PRODER,S.A.",GUANTS EBM GINESTA,1 178929
2016-03-30,665.5,05,Obres,1532,61000,"ECOESTUDIS Enginyeria del Vallès, S.L.",TOPOGRÀFICS PLAÇA VALLÈS I PASSEIG SANLLEHY (AD 12632/12633),109/010216
2016-03-30,665.5,05,Obres,1530,61000,"ECOESTUDIS Enginyeria del Vallès, S.L.",TOPOGRÀFICS PLAÇA VALLÈS I PASSEIG SANLLEHY (AD 12632/12633),109/010216
2016-03-15,6963.56,06,Serveis municipals i via pública,165,22715,"ETRA BONAL, S.A.",MANTENIMENT ENLLUMENAT GENER 2016,16-00150
2016-03-15,65.32,06,Serveis municipals i via pública,165,22715,"ETRA BONAL, S.A.",MANTENIMENT ENLLUMENAT GENER 2016,16-00150
2016-03-30,66.55,07,Medi ambient,1622,20800,"SUMINISTRES INDUSTRIALS SM, S.L. ( K2)",LLOGUER FEBRER MÒDUL PREFABRICAT C/ JOAN MIRÓ DEIXALLERIA,165/16
2016-03-30,375.1,08,Cultura,333,20800,"SUMINISTRES INDUSTRIALS SM, S.L. ( K2)","LLOGUER FEBRER MÒDULS PREFABRICATS C/ ESCOLES, 2  (ENTITATS)",166/16
2016-03-30,355.74,11,Educació,3230,20800,"SUMINISTRES INDUSTRIALS SM, S.L. ( K2)",LLOGUER FEBRER MÒDULS PREFABRICATS ESCOLA POLINYÀ,167/16
2016-03-30,362.27,02,Serveis generals,920,22002,SERVICIOS MICROINFORMÁTICA S.A.,TÒNERS FOTOCOPIADORA EBM GINESTA,16C1 003955
2016-03-30,3787.69,06,Serveis municipals i via pública,1623,22700,"CESPA GESTIÓN DE RESIDUOS, S.A.",TRACTAMENT FORM DE L' 01/01/2016 a 31/01/2016,16J9PZ000031
2016-03-15,703.57,18,Serveis de manteniment d'edificis i inversions,3231,22102,"ENDESA ENERGIA,S.A.",CONSUM GAS EBM GINESTA DEL 04/12/15 AL 07/01/16,175500336551 0088  P1M601N0126161
2016-03-15,1534.69,18,Serveis de manteniment d'edificis i inversions,3231,22102,"ENDESA ENERGIA,S.A.",CONSUM GAS EBM BADABADOC DEL 23/11/15 AL 26/01/16,175500336851 0050  P1M601N0232138
2016-03-15,1572.3,18,Serveis de manteniment d'edificis i inversions,3230,22102,"ENDESA ENERGIA,S.A.",CONSUM GAS ESCOLA PERE CALDERS DEL 04/12/15 AL 07/01/16,175500337270 0084  P1M601N0126162
2016-03-15,2421.19,18,Serveis de manteniment d'edificis i inversions,3230,22102,"ENDESA ENERGIA,S.A.",CONSUM GAS ESCOLA ROSER CAPDEVILA DEL 04/12/15 AL 07/01/16,175500337418 0084  P1M601N0126163
2016-03-15,654.14,18,Serveis de manteniment d'edificis i inversions,342,22102,"ENDESA ENERGIA,S.A.",CONSUM GAS CAMP DE FUTBOL DEL 04/12/15 AL 07/01/16,175500337515 0084  P1M601N0126164
2016-03-15,33.06,18,Serveis de manteniment d'edificis i inversions,9293,22102,"ENDESA ENERGIA,S.A.",CONSUM GAS ROURE DEL 23/11/15 AL 26/01/16,175500337684 0050  P1M601N0221954
2016-03-15,1408.92,18,Serveis de manteniment d'edificis i inversions,333,22102,"ENDESA ENERGIA,S.A.",CONSUM GAS CENTRE CÍVIC DEL 23/11/15 AL 26/01/16,175500337836 0050  P1M601N0232139
2016-03-30,131.66,06,Serveis municipals i via pública,9293,22713,"CATALANA DE CLIMA I C.LLONCH,S.L.",8enaQUOTA MENSUAL GENER MANTENIMENT CLIMA,2 260031
2016-03-30,24.09,06,Serveis municipals i via pública,9290,22713,"CATALANA DE CLIMA I C.LLONCH,S.L.",8enaQUOTA MENSUAL GENER MANTENIMENT CLIMA,2 260031
2016-03-30,239.01,06,Serveis municipals i via pública,342,22713,"CATALANA DE CLIMA I C.LLONCH,S.L.",8enaQUOTA MENSUAL GENER MANTENIMENT CLIMA,2 260031
2016-03-30,69.64,06,Serveis municipals i via pública,3231,22713,"CATALANA DE CLIMA I C.LLONCH,S.L.",8enaQUOTA MENSUAL GENER MANTENIMENT CLIMA,2 260031
2016-03-30,63.25,06,Serveis municipals i via pública,1623,22700,"ECO-EQUIP, S.A.",TRANSFERÈNCIA ENVASOS FEBRER 2016,2.016/TN/661
2016-03-30,11.0,06,Serveis municipals i via pública,1621,22700,"SANTOS JORGE, S.A.",SERVEICONTENIDORS DE 7M3 PER LA RECOLLIDA DE RESTES VEGETALS FEBRER 2016,2016 191
2016-03-15,592.9,18,Serveis de manteniment d'edificis i inversions,451,22199,"PROSEÑAL, S.L.",STOCK MATERIAL SENYALITZACIÓ VIÀRIA,2016 EMITIDAS 78
2016-03-15,680.12,18,Serveis de manteniment d'edificis i inversions,1530,22199,"SERVEIS VIALS DEL VALLÈS, S.L.U.","AD 54/2016  20 Fitons de polietilè flexible, model H-75 (745x200 mm.) reflectant nivell-2 H.I. per la Ctra. Sentmenat",2016//160227
2016-03-30,1410.65,10,Joventut,337,22707,7 D'AVENTURA S.L.,SERVEI INFORMACIÓ JUVENIL FEBRER 2016,2016/E5
2016-03-30,15.88,03,Seguretat ciutadana,130,21500,"BASSO,S.A.",CÒPIES FOTOCOPIADORA POLICIA DEL 23/09/15 AL 31/12/15,2016-160329
2016-03-30,27.9,03,Seguretat ciutadana,130,21500,"BASSO,S.A.",CÒPIES FOTOCOPIADORA POLICIA DEL 23/09/15 AL 31/12/15,2016-160329
2016-03-30,109.33,20,Promoció econòmica,430,21500,"BASSO,S.A.",CÒPIES IMPRESSORA LÀSER COLOR OKI CAN GAVARRA DEL 27/01/16 AL 24/02/16,2016-160953
2016-03-15,201.56,08,Cultura,3321,22609,"DISBUS 21, S.L.",12/02 POLINYA-BCN SALA MUNTANER-POLINYA,21162T0060
2016-03-15,3.63,11,Educació,3231,22200,"TELEFONICA MOVILES, SA (MOVISTAR)",Contracte M2M ESCOLA BRESSOL BADABADOC GENER 2016,28-B6M0-776520
2016-03-30,5.05,11,Educació,3231,22200,"TELEFONICA MOVILES, SA (MOVISTAR)",Movistar - Tipus de contracte: Contracte M2M GPRS Pimes - Nº de linies: 1 - Lineas Facturadas: 630646715 - Periodo de Tr,28-C6M0-777968
2016-03-30,2472.08,02,Serveis generals,920,22001,"WOLTERS KLUWER ESPAÑA, SA",SUBSCRIPCIÓ DEL 03/2016 AL 02/2017,33 10015327
2016-03-15,491.7,18,Serveis de manteniment d'edificis i inversions,165,22100,"ENDESA ENERGIA,S.A.",CONSUM ENLLUMENAT PÚBLIC DEL 26/11/15 AL 27/01/16,358501306684 0232  P1M601N0159584
2016-03-15,158.84,18,Serveis de manteniment d'edificis i inversions,165,22100,"ENDESA ENERGIA,S.A.",CONSUM ENLLUMENAT PÚBLIC DEL 25/11/15 AL 27/01/16,358501308983 0232  P1M601N0159585
2016-03-15,632.59,18,Serveis de manteniment d'edificis i inversions,165,22100,"ENDESA ENERGIA,S.A.",CONSUM ENLLUMENAT PÚBLIC DE L'11/11/15 AL 14/01/16,358501310154 0173  P1M601N0083875
2016-03-15,656.56,18,Serveis de manteniment d'edificis i inversions,165,22100,"ENDESA ENERGIA,S.A.",CONSUM ENLLUMENAT PÚBLIC DEL 26/11/15 AL 27/01/16,358501311580 0232  P1M601N0159586
2016-03-15,373.18,18,Serveis de manteniment d'edificis i inversions,165,22100,"ENDESA ENERGIA,S.A.",CONSUM ENLLUMENAT PÚBLIC DEL 26/11/15 AL 28/01/16,358501312761 0236  P1M601N0167228
2016-03-15,347.19,18,Serveis de manteniment d'edificis i inversions,165,22100,"ENDESA ENERGIA,S.A.",CONSUM ENLLUMENAT PÚBLIC DEL 26/11/15 AL 28/01/16,358501321341 0221  P1M601N0167229
2016-03-15,147.7,18,Serveis de manteniment d'edificis i inversions,920,22100,"ENDESA ENERGIA,S.A.",CONSUM ELÈCTRIC LOCAL ANTIC POL DE L'11/11/15 AL 14/01/16,358501332501 0169  P1M601N0083876
2016-03-15,359.84,18,Serveis de manteniment d'edificis i inversions,165,22100,"ENDESA ENERGIA,S.A.",CONSUM ENLLUMENAT PÚBLIC DEL 04/11/15 AL 08/01/16,358501333995 0169  P1M601N0070828
2016-03-15,368.63,18,Serveis de manteniment d'edificis i inversions,165,22100,"ENDESA ENERGIA,S.A.",CONSUM ENLLUMENAT PÚBLIC DEL 26/11/15 AL 27/01/16,358501412055 0232  P1M601N0159587
2016-03-15,314.27,18,Serveis de manteniment d'edificis i inversions,165,22100,"ENDESA ENERGIA,S.A.",CONSUM ENLLUMENAT PÚBL IC DEL 26/11/15 AL 28/01/16,358501414090 0232  P1M601N0167230
2016-03-15,644.13,18,Serveis de manteniment d'edificis i inversions,165,22100,"ENDESA ENERGIA,S.A.",CONSUM ENLLUMENAT PÚBLIC DEL 12/11/15 AL 14/01/16,358501419464 0154  P1M601N0083877
2016-03-15,602.24,18,Serveis de manteniment d'edificis i inversions,165,22100,"ENDESA ENERGIA,S.A.",CONSUM ENLLUMENAT PÚBLIC DEL 26/11/15 AL 28/01/16,358501421243 0232  P1M601N0167231
2016-03-15,297.2,18,Serveis de manteniment d'edificis i inversions,165,22100,"ENDESA ENERGIA,S.A.",CONSUM ENLLUMENAT PÚBLIC DEL 26/11/15 AL 28/01/16,358501423065 0232  P1M601N0167232
2016-03-15,993.77,18,Serveis de manteniment d'edificis i inversions,165,22100,"ENDESA ENERGIA,S.A.",CONSUM ENLLUMENAT PÚBLIC DEL 27/11/15 AL 29/01/16,358501438595 0232  P1M601N0174166
2016-03-15,136.17,18,Serveis de manteniment d'edificis i inversions,1622,22100,"ENDESA ENERGIA,S.A.",CONSUM ELÈCTRIC DEIXALLERIA DE L'11/11/15 AL 14/01/16,358501441705 0169  P1M601N0083878
2016-03-15,357.99,18,Serveis de manteniment d'edificis i inversions,165,22100,"ENDESA ENERGIA,S.A.",CONSUM ENLLUMENAT PÚBLIC DEL 26/11/15 AL 28/01/16,358501491529 0228  P1M601N0167233
2016-03-15,556.44,18,Serveis de manteniment d'edificis i inversions,165,22100,"ENDESA ENERGIA,S.A.",CONSUM ENLLUMENAT PÚBLIC DEL 26/11/15 AL 28/01/16,358501493302 0228  P1M601N0167234
2016-03-15,504.21,18,Serveis de manteniment d'edificis i inversions,165,22100,"ENDESA ENERGIA,S.A.",CONSUM ENLLUMENAT PÚBLIC DEL 26/11/15 AL 28/01/16,358501504159 0228  P1M601N0167235
2016-03-15,885.54,18,Serveis de manteniment d'edificis i inversions,165,22100,"ENDESA ENERGIA,S.A.",CONSUM ENLLUMENAT PÚBLIC DEL 02/11/15 AL 04/01/16,358501515952 0154  P1M601N0066478
2016-03-15,673.96,18,Serveis de manteniment d'edificis i inversions,165,22100,"ENDESA ENERGIA,S.A.",CONSUM ENLLUMENAT PÚBLIC DEL 02/11/15 AL 04/01/16,358501517550 0154  P1M601N0066479
2016-03-15,1018.21,18,Serveis de manteniment d'edificis i inversions,430,22100,"ENDESA ENERGIA,S.A.",CONSUM ELÈCTRIC CAN GAVARRA DEL 31/12/15 AL 31/01/16,358501550339 0306  P1M601N0223795
2016-03-15,306.17,18,Serveis de manteniment d'edificis i inversions,451,22100,"ENDESA ENERGIA,S.A.",CONSUM ELÈCTRIC LOCAL MAGATZEM BRIGADA DEL 29/12/15 AL 29/01/16,358501558061 0301  P1M601N0171528
2016-03-15,1113.47,18,Serveis de manteniment d'edificis i inversions,3230,22100,"ENDESA ENERGIA,S.A.",CONSUM ELÈCTRIC ESCOLA POLINYÀ DEL 31/12/15 AL 31/01/16,358501560102 0306  P1M601N0215375
2016-03-15,1130.61,18,Serveis de manteniment d'edificis i inversions,165,22100,"ENDESA ENERGIA,S.A.",CONSUM ENLLUMENAT PÚBLIC DEL 26/11/15 AL 28/01/16,358502557549 0213  P1M601N0167243
2016-03-30,5649.68,06,Serveis municipals i via pública,3230,22700,"CLECE, SA",NETEJA ESCOLA ROSER CAPDEVILA FEBRER 2016,602160000416FAC
2016-03-30,7373.89,06,Serveis municipals i via pública,3230,22700,"CLECE, SA",NETEJA ESCOLA PERE CALDERS FEBRER 2016,602160000516FAC
2016-03-30,2982.09,06,Serveis municipals i via pública,3231,22700,"CLECE, SA",NETEJA EBM BADABADOC FEBRER 2016,602160000616FAC
2016-03-30,0.4,02,Serveis generals,920,22200,TELEFONICA DE ESPAÑA,FACTURACION CONCERTADA VARIABLE MODALIDAD: CONCURS DADES - Abono/Ref.Factura: 021896001 - Periodo regular de cuotas: 01/,60-A698-010991
2016-03-30,1.99,03,Seguretat ciutadana,130,22200,TELEFONICA DE ESPAÑA,FACTURACION CONCERTADA VARIABLE MODALIDAD: CONCURS DADES - Abono/Ref.Factura: 021896001 - Periodo regular de cuotas: 01/,60-A698-010991
2016-03-30,2.03,20,Promoció econòmica,430,22200,TELEFONICA DE ESPAÑA,FACTURACION CONCERTADA VARIABLE MODALIDAD: CONCURS DADES - Abono/Ref.Factura: 021896001 - Periodo regular de cuotas: 01/,60-A698-010991
2016-03-30,3.98,08,Cultura,333,22200,TELEFONICA DE ESPAÑA,FACTURACION CONCERTADA VARIABLE MODALIDAD: CONCURS DADES - Abono/Ref.Factura: 021896001 - Periodo regular de cuotas: 01/,60-A698-010991
2016-03-30,13.73,10,Joventut,337,22200,TELEFONICA DE ESPAÑA,FACTURACION CONCERTADA VARIABLE MODALIDAD: CONCURS DADES - Abono/Ref.Factura: 021896001 - Periodo regular de cuotas: 01/,60-A698-010991
2016-03-30,7.24,12,Àrea d'atenció a les persones,9293,22200,TELEFONICA DE ESPAÑA,FACTURACION CONCERTADA VARIABLE MODALIDAD: CONCURS DADES - Abono/Ref.Factura: 021896001 - Periodo regular de cuotas: 01/,60-A698-010991
2016-03-30,209.44,11,Educació,3230,22200,TELEFONICA DE ESPAÑA,FACTURACION CONCERTADA VARIABLE MODALIDAD: CONCURS DADES - Abono/Ref.Factura: 021896001 - Periodo regular de cuotas: 01/,60-A698-010991
2016-03-30,12.85,13,Esports,342,22200,TELEFONICA DE ESPAÑA,FACTURACION CONCERTADA VARIABLE MODALIDAD: CONCURS DADES - Abono/Ref.Factura: 021896001 - Periodo regular de cuotas: 01/,60-A698-010991
2016-03-30,20.12,08,Cultura,3321,22200,TELEFONICA DE ESPAÑA,FACTURACION CONCERTADA VARIABLE MODALIDAD: CONCURS DADES - Abono/Ref.Factura: 021896001 - Periodo regular de cuotas: 01/,60-A698-010991
2016-03-30,61.91,11,Educació,3231,22200,TELEFONICA DE ESPAÑA,FACTURACION CONCERTADA VARIABLE MODALIDAD: CONCURS DADES - Abono/Ref.Factura: 021896001 - Periodo regular de cuotas: 01/,60-A698-010991
2016-03-30,0.9,18,Serveis de manteniment d'edificis i inversions,1622,22200,TELEFONICA DE ESPAÑA,FACTURACION CONCERTADA VARIABLE MODALIDAD: CONCURS DADES - Abono/Ref.Factura: 021896001 - Periodo regular de cuotas: 01/,60-A698-010991
2016-03-30,402.75,02,Serveis generals,920,22200,TELEFONICA DE ESPAÑA,Detalle de conceptos( 1 Ene. 16 - 31 Ene. 16 ) Facturacio LOT3 Gener 2016,60A6RR006666
2016-03-30,66.07,03,Seguretat ciutadana,130,22200,TELEFONICA DE ESPAÑA,Detalle de conceptos( 1 Ene. 16 - 31 Ene. 16 ) Facturacio LOT3 Gener 2016,60A6RR006666
2016-03-30,71.73,20,Promoció econòmica,430,22200,TELEFONICA DE ESPAÑA,Detalle de conceptos( 1 Ene. 16 - 31 Ene. 16 ) Facturacio LOT3 Gener 2016,60A6RR006666
2016-03-30,41.26,08,Cultura,333,22200,TELEFONICA DE ESPAÑA,Detalle de conceptos( 1 Ene. 16 - 31 Ene. 16 ) Facturacio LOT3 Gener 2016,60A6RR006666
2016-03-30,105.12,10,Joventut,337,22200,TELEFONICA DE ESPAÑA,Detalle de conceptos( 1 Ene. 16 - 31 Ene. 16 ) Facturacio LOT3 Gener 2016,60A6RR006666
2016-03-30,55.66,12,Àrea d'atenció a les persones,9293,22200,TELEFONICA DE ESPAÑA,Detalle de conceptos( 1 Ene. 16 - 31 Ene. 16 ) Facturacio LOT3 Gener 2016,60A6RR006666
2016-03-30,108.78,13,Esports,342,22200,TELEFONICA DE ESPAÑA,Detalle de conceptos( 1 Ene. 16 - 31 Ene. 16 ) Facturacio LOT3 Gener 2016,60A6RR006666
2016-03-30,57.6,18,Serveis de manteniment d'edificis i inversions,451,22200,TELEFONICA DE ESPAÑA,Detalle de conceptos( 1 Ene. 16 - 31 Ene. 16 ) Facturacio LOT3 Gener 2016,60A6RR006666
2016-03-30,63.53,08,Cultura,3321,22200,TELEFONICA DE ESPAÑA,Detalle de conceptos( 1 Ene. 16 - 31 Ene. 16 ) Facturacio LOT3 Gener 2016,60A6RR006666
2016-03-30,41.25,18,Serveis de manteniment d'edificis i inversions,1622,22200,TELEFONICA DE ESPAÑA,Detalle de conceptos( 1 Ene. 16 - 31 Ene. 16 ) Facturacio LOT3 Gener 2016,60A6RR006666
2016-03-30,128.31,02,Serveis generals,920,22200,TELEFONICA DE ESPAÑA,Detalle de conceptos( 1 Ene. 16 - 31 Ene. 16 ) Serveis Telefonia Gener 2016 ( FACT. RESTA DE SERVEIS ),60A6RR007081
2016-03-30,81.8,03,Seguretat ciutadana,130,22200,TELEFONICA DE ESPAÑA,Detalle de conceptos( 1 Ene. 16 - 31 Ene. 16 ) Serveis Telefonia Gener 2016 ( FACT. RESTA DE SERVEIS ),60A6RR007081
2016-03-30,17.4,20,Promoció econòmica,430,22200,TELEFONICA DE ESPAÑA,Detalle de conceptos( 1 Ene. 16 - 31 Ene. 16 ) Serveis Telefonia Gener 2016 ( FACT. RESTA DE SERVEIS ),60A6RR007081
2016-03-30,22.4,10,Joventut,337,22200,TELEFONICA DE ESPAÑA,Detalle de conceptos( 1 Ene. 16 - 31 Ene. 16 ) Serveis Telefonia Gener 2016 ( FACT. RESTA DE SERVEIS ),60A6RR007081
2016-03-30,166.45,12,Àrea d'atenció a les persones,9293,22200,TELEFONICA DE ESPAÑA,Detalle de conceptos( 1 Ene. 16 - 31 Ene. 16 ) Serveis Telefonia Gener 2016 ( FACT. RESTA DE SERVEIS ),60A6RR007081
2016-03-30,217.65,11,Educació,3230,22200,TELEFONICA DE ESPAÑA,Detalle de conceptos( 1 Ene. 16 - 31 Ene. 16 ) Serveis Telefonia Gener 2016 ( FACT. RESTA DE SERVEIS ),60A6RR007081
2016-03-30,21.48,13,Esports,342,22200,TELEFONICA DE ESPAÑA,Detalle de conceptos( 1 Ene. 16 - 31 Ene. 16 ) Serveis Telefonia Gener 2016 ( FACT. RESTA DE SERVEIS ),60A6RR007081
2016-03-30,94.63,08,Cultura,3321,22200,TELEFONICA DE ESPAÑA,Detalle de conceptos( 1 Ene. 16 - 31 Ene. 16 ) Serveis Telefonia Gener 2016 ( FACT. RESTA DE SERVEIS ),60A6RR007081
2016-03-30,75.18,11,Educació,3231,22200,TELEFONICA DE ESPAÑA,Detalle de conceptos( 1 Ene. 16 - 31 Ene. 16 ) Serveis Telefonia Gener 2016 ( FACT. RESTA DE SERVEIS ),60A6RR007081
2016-03-30,2.95,02,Serveis generals,920,22200,TELEFONICA DE ESPAÑA,FACTURACION CONCERTADA VARIABLE MODALIDAD: CONCURS DADES - Abono/Ref.Factura: 021896001 - Periodo regular de cuotas: 01/,60-B698-010945
2016-03-30,5.86,03,Seguretat ciutadana,130,22200,TELEFONICA DE ESPAÑA,FACTURACION CONCERTADA VARIABLE MODALIDAD: CONCURS DADES - Abono/Ref.Factura: 021896001 - Periodo regular de cuotas: 01/,60-B698-010945
2016-03-30,2.01,20,Promoció econòmica,430,22200,TELEFONICA DE ESPAÑA,FACTURACION CONCERTADA VARIABLE MODALIDAD: CONCURS DADES - Abono/Ref.Factura: 021896001 - Periodo regular de cuotas: 01/,60-B698-010945
2016-03-30,0.39,08,Cultura,333,22200,TELEFONICA DE ESPAÑA,FACTURACION CONCERTADA VARIABLE MODALIDAD: CONCURS DADES - Abono/Ref.Factura: 021896001 - Periodo regular de cuotas: 01/,60-B698-010945
2016-03-30,5.53,10,Joventut,337,22200,TELEFONICA DE ESPAÑA,FACTURACION CONCERTADA VARIABLE MODALIDAD: CONCURS DADES - Abono/Ref.Factura: 021896001 - Periodo regular de cuotas: 01/,60-B698-010945
2016-03-30,10.03,12,Àrea d'atenció a les persones,9293,22200,TELEFONICA DE ESPAÑA,FACTURACION CONCERTADA VARIABLE MODALIDAD: CONCURS DADES - Abono/Ref.Factura: 021896001 - Periodo regular de cuotas: 01/,60-B698-010945
2016-03-30,164.7,11,Educació,3230,22200,TELEFONICA DE ESPAÑA,FACTURACION CONCERTADA VARIABLE MODALIDAD: CONCURS DADES - Abono/Ref.Factura: 021896001 - Periodo regular de cuotas: 01/,60-B698-010945
2016-03-30,14.5,13,Esports,342,22200,TELEFONICA DE ESPAÑA,FACTURACION CONCERTADA VARIABLE MODALIDAD: CONCURS DADES - Abono/Ref.Factura: 021896001 - Periodo regular de cuotas: 01/,60-B698-010945
2016-03-30,60.77,08,Cultura,3321,22200,TELEFONICA DE ESPAÑA,FACTURACION CONCERTADA VARIABLE MODALIDAD: CONCURS DADES - Abono/Ref.Factura: 021896001 - Periodo regular de cuotas: 01/,60-B698-010945
2016-03-30,67.84,11,Educació,3231,22200,TELEFONICA DE ESPAÑA,FACTURACION CONCERTADA VARIABLE MODALIDAD: CONCURS DADES - Abono/Ref.Factura: 021896001 - Periodo regular de cuotas: 01/,60-B698-010945
2016-03-30,0.66,18,Serveis de manteniment d'edificis i inversions,1622,22200,TELEFONICA DE ESPAÑA,FACTURACION CONCERTADA VARIABLE MODALIDAD: CONCURS DADES - Abono/Ref.Factura: 021896001 - Periodo regular de cuotas: 01/,60-B698-010945
2016-03-15,748.7,18,Serveis de manteniment d'edificis i inversions,342,22100,"ENDESA ENERGIA,S.A.",CONSUM ELÈCTRIC CAMP DE FUTBOL DEL 30/11/15 AL 31/12/15,710000027855 0622  P1M601N0046940
2016-03-15,832.88,18,Serveis de manteniment d'edificis i inversions,342,22100,"ENDESA ENERGIA,S.A.",CONSUM ELÈCTRIC CAMP DE FUTBOL DEL 31/12/15 AL 31/01/16,710000027855 0637  P1M601N0215513
2016-03-15,1249.54,18,Serveis de manteniment d'edificis i inversions,165,22100,"ENDESA ENERGIA,S.A.",CONSUM ENLLUMENAT PÚBLIC DEL 28/12/15 AL 28/01/16,750000079385 0506  P1M601N0164611
2016-03-15,1375.66,18,Serveis de manteniment d'edificis i inversions,3230,22100,"ENDESA ENERGIA,S.A.",CONSUM ELÈCTRIC ESCOLA ROSER CAPDEVILA DEL 31/12/15 AL 31/01/16,750000079406 0544  P1M601N0215528
2016-03-15,968.27,18,Serveis de manteniment d'edificis i inversions,165,22100,"ENDESA ENERGIA,S.A.",CONSUM ENLLUMENAT PÚBLIC DEL 28/12/15 AL 27/01/16,750000079503 0618  P1M601N0156921
2016-03-15,2495.44,18,Serveis de manteniment d'edificis i inversions,9293,22100,"ENDESA ENERGIA,S.A.",CONSUM ELÈCTRIC ROURE DEL 31/12/15 AL 31/01/16,750000079581 0552  P1M601N0190775
2016-03-15,343.57,18,Serveis de manteniment d'edificis i inversions,337,22100,"ENDESA ENERGIA,S.A.",CONSUM ELÈCTRIC CASAL DE JOVES DEL 28/12/15 AL 27/01/16,750000079634 0491  P1M601N0156922
2016-03-15,1332.06,18,Serveis de manteniment d'edificis i inversions,920,22100,"ENDESA ENERGIA,S.A.",CONSUM ELÈCTRIC AJUNTAMENT DEL 28/12/15 AL 27/01/16,750000079649 0525  P1M601N0156923
2016-03-15,607.06,18,Serveis de manteniment d'edificis i inversions,3321,22100,"ENDESA ENERGIA,S.A.",CONSUM ELÈCTRIC BIBLIOTECA DEL 28/12/15 AL 27/01/16,750000079687 0531  P1M601N0156924
2016-03-15,530.67,18,Serveis de manteniment d'edificis i inversions,3231,22100,"ENDESA ENERGIA,S.A.",CONSUM ELÈCTRIC EBM GINESTA DEL 31/12/15 AL 31/01/16,750000079727 0559  P1M601N0215529
2016-03-15,795.09,18,Serveis de manteniment d'edificis i inversions,165,22100,"ENDESA ENERGIA,S.A.",CONSUM ENLLUMENAT PÚBLIC DEL 28/12/15 AL 28/01/16,750000079917 0656  P1M601N0164612
2016-03-15,699.4,18,Serveis de manteniment d'edificis i inversions,3231,22100,"ENDESA ENERGIA,S.A.",CONSUM ELÈCTRIC EBM BADABADOC DEL 28/12/15 AL 27/01/16,750000079955 0510  P1M601N0156925
2016-03-15,369.12,18,Serveis de manteniment d'edificis i inversions,9290,22100,"ENDESA ENERGIA,S.A.",CONSUM ELÈCTRIC LOCAL ATENCIÓ A LES PERSONES DEL 28/12/15 AL 28/01/16,750000080031 0529  P1M601N0170654
2016-03-15,1591.51,18,Serveis de manteniment d'edificis i inversions,165,22100,"ENDESA ENERGIA,S.A.",CONSUM ENLLUMENAT PÚBLIC DEL 05/11/15 AL 08/01/16,750000080059 0276  P1M601N0070926
2016-03-15,233.24,18,Serveis de manteniment d'edificis i inversions,342,22100,"ENDESA ENERGIA,S.A.",CONSUM ELÈCTRIC PISCINA DEL 28/12/15 AL 27/01/16,750000080082 0525  P1M601N0156926
2016-03-15,782.68,18,Serveis de manteniment d'edificis i inversions,165,22100,"ENDESA ENERGIA,S.A.",CONSUM ENLLUMENAT PÚBLIC DEL 28/12/15 AL 27/01/16,750000080122 0506  P1M601N0156927
2016-03-15,442.9,18,Serveis de manteniment d'edificis i inversions,165,22100,"ENDESA ENERGIA,S.A.",CONSUM ENLLUMENAT PÚBLIC DEL 26/12/15 AL 27/01/16,750000080249 0544  P1M601N0156928
2016-03-15,292.69,18,Serveis de manteniment d'edificis i inversions,342,22100,"ENDESA ENERGIA,S.A.",CONSUM ELÈCTRIC PISTA POLIESPORTIVA DEL 28/12/15 AL 27/01/16,750000080287 0531  P1M601N0156929
2016-03-15,632.77,18,Serveis de manteniment d'edificis i inversions,165,22100,"ENDESA ENERGIA,S.A.",CONSUM ENLLUMENAT PÚBLIC DEL 28/12/15 AL 27/01/16,750000080350 0531  P1M601N0156930
2016-03-15,616.11,18,Serveis de manteniment d'edificis i inversions,165,22100,"ENDESA ENERGIA,S.A.",CONSUM ENLLUMENAT PÚBLIC DEL 29/12/15 AL 29/01/16,750000080411 0533  P1M601N0171609
2016-03-15,365.11,18,Serveis de manteniment d'edificis i inversions,165,22100,"ENDESA ENERGIA,S.A.",CONSUM ENLLUMENAT PÚBLIC DEL 28/12/15 AL 27/01/16,750000080481 0544  P1M601N0156931
2016-03-15,858.53,18,Serveis de manteniment d'edificis i inversions,165,22100,"ENDESA ENERGIA,S.A.",CONSUM ENLLUMENAT PÚBLIC DEL 04/11/15 AL 04/01/16,750000080521 0261  P1M601N0066514
2016-03-15,1132.96,18,Serveis de manteniment d'edificis i inversions,165,22100,"ENDESA ENERGIA,S.A.",CONSUM ENLLUMENAT PÚBLIC DEL 02/11/15 AL 04/01/16,750000080536 0261  P1M601N0066515
2016-03-15,234.3,18,Serveis de manteniment d'edificis i inversions,165,22100,"ENDESA ENERGIA,S.A.",CONSUM ENLLUMENAT PÚBLIC DEL 28/12/15 AL 27/01/16,750000080574 0491  P1M601N0156932
2016-03-15,1369.87,18,Serveis de manteniment d'edificis i inversions,165,22100,"ENDESA ENERGIA,S.A.",CONSUM ENLLUMENAT PÚBLIC DE L'11/11/15 AL 14/01/16,750000080726 0413  P1M601N0083936
2016-03-15,867.56,18,Serveis de manteniment d'edificis i inversions,165,22100,"ENDESA ENERGIA,S.A.",CONSUM ENLLUMENAT PÚBLIC DEL 02/11/15 AL 04/01/16,750000080842 0261  P1M601N0066516
2016-03-15,1881.97,18,Serveis de manteniment d'edificis i inversions,165,22100,"ENDESA ENERGIA,S.A.",CONSUM ENLLUMENAT PÚBLIC DE L'11/11/15 AL 13/01/16,750000080880 0261  P1M601N0083236
2016-03-15,117.02,18,Serveis de manteniment d'edificis i inversions,165,22100,"ENDESA ENERGIA,S.A.",CONSUM ENLLUMENAT PÚBLIC DEL 04/11/15 AL 07/01/16,750000080920 0261  P1M601N0069550
2016-03-15,49.79,18,Serveis de manteniment d'edificis i inversions,165,22100,"ENDESA ENERGIA XXI, S.L.U.",CONSUM ENLLUMENAT PÚBLIC DE L'11/11/15 AL 14/01/16,790002748658 0164  S1M601N0045886
2016-03-15,1804.62,18,Serveis de manteniment d'edificis i inversions,3230,22100,"ENDESA ENERGIA,S.A.",CONSUM ELÈCTRIC ESCOLA PERE CALDERS DEL 31/12/15 AL 31/01/16,800000360172 0492  P1M601N0191073
2016-03-15,531.35,18,Serveis de manteniment d'edificis i inversions,333,22100,"ENDESA ENERGIA,S.A.",CONSUM ELÈCTRIC CENTRE CÍVIC DEL 28/12/15 AL 28/01/16,990000212707 0535  P1M601N0164702
2016-03-15,715.29,18,Serveis de manteniment d'edificis i inversions,451,21400,"NEUMATICOS POLINYA, S.L.",MANTENIMENT VEHICLE BRIGADA,A 16000052
2016-03-15,474.45,18,Serveis de manteniment d'edificis i inversions,451,21400,"NEUMATICOS POLINYA, S.L.",MANTENIMENT VEHICLE BRIGADA,A 16000053
2016-03-15,622.05,18,Serveis de manteniment d'edificis i inversions,451,21400,"NEUMATICOS POLINYA, S.L.",MANTENIMENT VEHICLE BRIGADA,A 16000054
2016-03-15,506.14,18,Serveis de manteniment d'edificis i inversions,451,22199,"INTEROAD, S.L.",PINTURA ACRILICA NEGRA VIA PÚBLICA,A 2016/A/360077
2016-03-30,34.9,20,Promoció econòmica,430,22602,"D.O.I. SERVICIOS EMPRESARIALES, SL",CAMPANYA REDES SOCIALES CAN GAVARRA,A/2016-201800
2016-03-15,458.33,14,Dona i igualtat,231,22706,ASSISTÈNCIA I GESTIÓ INTEGRAL,SUPORT PSICOLÒGIC PER A DONES EN SITUACIÓ DE VULNERABILITAT SOCIAL GENER 2016,A/2880
2016-03-15,338.8,18,Serveis de manteniment d'edificis i inversions,3230,21200,"TOLDOS BARBERA, S.L.",CANVI LONA TENDAL ESCOLA ROSER CAPDEVILA,A000038
2016-03-30,122.05,02,Serveis generals,920,22299,"SERVI-TRANS POLINYA, S.L.",SERVEI MISSATGERIA MARÇ 2015,A00038458
2016-03-30,337.44,02,Serveis generals,920,22299,"SERVI-TRANS POLINYA, S.L.",SERVEI MISSATGERIA DESEMBRE 2015,A00040919
2016-03-15,150.19,02,Serveis generals,920,22299,"SERVI-TRANS POLINYA, S.L.",SERVEI MISSATGERIA GENER 2016,A00041188
2016-03-30,121.0,08,Cultura,3321,22609,"LES ANTONIETES TEATRE, S.L.","TERTÚLIA """"UN TRAMVIA ANOMENAT DESIG"""" A LA BIBLIOTECA EL 16/02/16",A16-03
2016-03-15,504.0,17,Ocupació,241,22605,TRILLO GALLARDO TERESA (AULA OFIMATICA),CURS CREACIÓ BLOG,A183/2015
2016-03-30,44.87,02,Serveis generals,920,22200,VODAFONE,Total sevicio ( .||https://efact.eacat.cat/bustia?emisorId=125 ),CI0819042031
2016-03-30,5.54,20,Promoció econòmica,430,22200,VODAFONE,Total sevicio ( .||https://efact.eacat.cat/bustia?emisorId=125 ),CI0819042031
2016-03-30,2.65,12,Àrea d'atenció a les persones,9290,22200,VODAFONE,Total sevicio ( .||https://efact.eacat.cat/bustia?emisorId=125 ),CI0819042031
2016-03-30,98.53,12,Àrea d'atenció a les persones,9293,22200,VODAFONE,Total sevicio ( .||https://efact.eacat.cat/bustia?emisorId=125 ),CI0819042031
2016-03-30,55.13,02,Serveis generals,920,22200,VODAFONE,FACTURACIÓ DE FEBRER 2016 DE TELEFONS FIXES 23 LINEAS,CI0823694859
2016-03-30,4.08,20,Promoció econòmica,430,22200,VODAFONE,FACTURACIÓ DE FEBRER 2016 DE TELEFONS FIXES 23 LINEAS,CI0823694859
2016-03-30,0.49,12,Àrea d'atenció a les persones,9290,22200,VODAFONE,FACTURACIÓ DE FEBRER 2016 DE TELEFONS FIXES 23 LINEAS,CI0823694859
2016-03-30,132.57,12,Àrea d'atenció a les persones,9293,22200,VODAFONE,FACTURACIÓ DE FEBRER 2016 DE TELEFONS FIXES 23 LINEAS,CI0823694859
2016-03-15,49.41,15,Salut i consum ,311,22709,"SERVICIOS SEMAT, S.A.",Buidat del contenidor del Parc de la Pineda el 27/01/16,D 00005
2016-03-15,60.35,18,Serveis de manteniment d'edificis i inversions,430,21200,"SERVICIOS SEMAT, S.A.","Neteja excrements d'ovella a la vorera, aparcaments i terreny petit de terra adjacent a Can Gavarra",D 00006
2016-03-15,292.84,06,Serveis municipals i via pública,1621,22700,"SERVICIOS SEMAT, S.A.","Retirada del magatzem del Museu: voluminosos i uns altres, trasllat, classificació i descarregar en la deixalleria",D 00007
2016-03-30,36090.61,06,Serveis municipals i via pública,1621,22700,"SERVICIOS SEMAT, S.A.",RECOLLIDA I GESTIÓ RESIDUS I NETEJA VIÀRIA FEBRER 2016,D 00008
2016-03-30,3077.1,06,Serveis municipals i via pública,1622,22700,"SERVICIOS SEMAT, S.A.",RECOLLIDA I GESTIÓ RESIDUS I NETEJA VIÀRIA FEBRER 2016,D 00008
2016-03-30,29464.87,06,Serveis municipals i via pública,163,22700,"SERVICIOS SEMAT, S.A.",RECOLLIDA I GESTIÓ RESIDUS I NETEJA VIÀRIA FEBRER 2016,D 00008
2016-03-30,1900.7,06,Serveis municipals i via pública,163,22700,"SERVICIOS SEMAT, S.A.",RECOLLIDA I GESTIÓ RESIDUS I NETEJA VIÀRIA FEBRER 2016,D 00008
2016-03-15,1410.65,10,Joventut,337,22707,7 D'AVENTURA S.L.,SERVEI PIJ GENER 2016,E-1/2016
2016-03-30,595.32,11,Educació,326,22610,"CREALFA,S.L.",SET ESCRIPTURA IMPRES / LLENTERNA AMB IMPRESIO USB DE 8 GB AMB IMPRESSIO - OBSEQUIS ACTIVITATS EDUCATIVES,Emit- 16004413
2016-03-30,908.71,18,Serveis de manteniment d'edificis i inversions,3230,21200,"TRANSPORTES Y EXCAVACIONES RIBERA, S.A.",TREBALLS ESCOLA PERE CALDERS,Emit- 48831
2016-03-15,1633.5,08,Cultura,338,20800,"SO I LLUM JOAN CARLES, SLU",LLOGUER EQUIP DE SO ACTE CARNESTOLTES,Emit- 643
2016-03-30,1680.0,03,Seguretat ciutadana,130,22104,"USIS GUIRAO, S.L.",3 ARMILLES POLICIA,F16 0092
2016-03-30,399.97,02,Serveis generals,920,22706,"UNIVERSAL PREVENCIÓN Y SALUD, SOCIEDAD DE PREVENCIÓN, S.L.U.",PREVENCIÓ RISCOS (01/03/2016 - 31/03/2016 ),F16029020
2016-03-30,1000.0,20,Promoció econòmica,430,22707,"VACUNE GLOBAL EBUSSINES, SL",CONSULTORIA I DESENVOLUPAMENT WEB CAN GAVARRA,FA1601-0208
2016-03-15,2323.2,02,Serveis generals,920,22604,"DURAN-SINDREU ASES. EGAL Y TRIBUT, S.C.P.",Honoraris professionals pel nostre assessorament jurídic en matèria fiscal i tributària,FACT2-12 2/160006
2016-03-15,810.67,16,Serveis socials,231,46500,"TELEVIDA SERVICIO SOCIOSANITARIO, S.L.",SERVEI TELEASSISTÈNCIA DOMICILIÀRIA GENER 2016,FC-018796
2016-03-30,89.54,18,Serveis de manteniment d'edificis i inversions,342,21200,"PLANA FÀBREGA SABADELL, SL",REPARACIÓ ALARMA PG. SANLLEHY S/N CAMP DE FUTBOL,FPSAB1600345
2016-03-30,81.82,06,Serveis municipals i via pública,1622,22700,"FOMENT DEL RECICLATGE, S.A.",LLOGUER CÀRREGA FRONTAL CONTENIDOR CEMENTIRI GENER 2016,FR/16-439294
2016-03-30,340.84,18,Serveis de manteniment d'edificis i inversions,430,21200,"PLANA FÀBREGA SABADELL, SL",PRÒRROGA CONTRACTE RECEPCIÓ ALARMES CODIFICADES CAN GAVARRA,FSSAB1600277
2016-03-15,446.5,06,Serveis municipals i via pública,1623,22700,"ALFREDO MESALLES, S.A.",TRACTAMENT NEUMÀTICS,FV065182
2016-03-30,544.05,16,Serveis socials,231,48003,"ARES ESPAI DE CUINA I MENJADOR, S.L.",AJUTS DINARS ALUMNES ESCOLA PERE CALDERS,MJ150A003277
2016-03-30,297.5,18,Serveis de manteniment d'edificis i inversions,430,21200,"ECOCLIMA VALLÈS, SL",MANTENIMENT CLIMA CAN GAVARRA FEBRER 2016,MT-21
2016-03-30,189.75,06,Serveis municipals i via pública,920,22713,"ECOCLIMA VALLÈS, SL",MANTENIMENT CLIMA FEBRER 2016,MT-22
2016-03-30,65.2,06,Serveis municipals i via pública,231,22713,"ECOCLIMA VALLÈS, SL",MANTENIMENT CLIMA FEBRER 2016,MT-22
2016-03-30,148.83,06,Serveis municipals i via pública,3231,22713,"ECOCLIMA VALLÈS, SL",MANTENIMENT CLIMA FEBRER 2016,MT-22
2016-03-30,148.83,06,Serveis municipals i via pública,3230,22713,"ECOCLIMA VALLÈS, SL",MANTENIMENT CLIMA FEBRER 2016,MT-22
2016-03-30,227.07,06,Serveis municipals i via pública,3230,22713,"ECOCLIMA VALLÈS, SL",MANTENIMENT CLIMA FEBRER 2016,MT-22
2016-03-30,8.99,06,Serveis municipals i via pública,3321,22713,"ECOCLIMA VALLÈS, SL",MANTENIMENT CLIMA FEBRER 2016,MT-22
2016-03-30,14.84,06,Serveis municipals i via pública,337,22713,"ECOCLIMA VALLÈS, SL",MANTENIMENT CLIMA FEBRER 2016,MT-22
2016-03-30,95.76,06,Serveis municipals i via pública,333,22713,"ECOCLIMA VALLÈS, SL",MANTENIMENT CLIMA FEBRER 2016,MT-22
2016-03-30,1258.4,02,Serveis generals,920,22706,"CARLOS CASTILLA INGENIEROS, S.A.",50% SERVICIOS CRETA EPSILON,N 000516
2016-03-30,24549.18,06,Serveis municipals i via pública,171,22716,"PROCEDIMIENTO DE ASEO URBANO PAU, S.A.",SERVEI MANTENIMENT JARDINERIA FEBRER 2016,P 00002
2016-03-30,252.29,15,Salut i consum ,311,22709,"CREALFA,S.L.",Rect. Emit- 16004388 / MOTXILES,Rect- 1
2016-03-30,429.0,21,Gent gran,337,22611,RIPOLLET BUS S.L.,TRASLLAT GENT GRAN A L'AEROPORT (01/02/16 I 15/02/16),RIP2016A02-0025
2016-03-30,352.0,21,Gent gran,337,22611,RIPOLLET BUS S.L.,TRASLLAT SORTIDA GENT GRAN 29/02/16 - 07/3/2016,RIP2016A03-0025
2016-03-15,81.07,18,Serveis de manteniment d'edificis i inversions,3230,21200,"ECOCLIMA VALLÈS, SL",CORRECTIU CLIMA ESCOLA POLINYÀ,RP-09
2016-03-30,176.39,18,Serveis de manteniment d'edificis i inversions,3230,21200,"ECOCLIMA VALLÈS, SL",TREBALLS OFICIAL 1a PER LA PÈRDUA D'AIGUA A LA FONT DE L' ESCOLA ROSER CAPDEVILA,RP-10
2016-03-30,658.42,06,Serveis municipals i via pública,430,22700,"SERVICIOS JAF, SA",SERVEI NETEJA CAN GAVARRA FEBRER 2016,V0/ 615
2016-03-30,69.6,18,Serveis de manteniment d'edificis i inversions,430,21200,"SERVICIOS JAF, SA",NETEJA VIVERS PRIVATIUS CAN GAVARRA FEBRER 2016,V0/ 616
2016-03-30,53.1,06,Serveis municipals i via pública,231,22700,"SERVICIOS JAF, SA",NETEJA EDIFICIS MUNICIPALS FEBRER 2016,V0/ 617
2016-03-30,1077.37,06,Serveis municipals i via pública,333,22700,"SERVICIOS JAF, SA",NETEJA EDIFICIS MUNICIPALS FEBRER 2016,V0/ 617
2016-03-30,1441.59,06,Serveis municipals i via pública,337,22700,"SERVICIOS JAF, SA",NETEJA EDIFICIS MUNICIPALS FEBRER 2016,V0/ 617
2016-03-30,1111.97,06,Serveis municipals i via pública,342,22700,"SERVICIOS JAF, SA",NETEJA EDIFICIS MUNICIPALS FEBRER 2016,V0/ 617
2016-03-30,5238.94,06,Serveis municipals i via pública,920,22700,"SERVICIOS JAF, SA",NETEJA EDIFICIS MUNICIPALS FEBRER 2016,V0/ 617
2016-03-30,5416.0,06,Serveis municipals i via pública,3231,22700,"SERVICIOS JAF, SA",NETEJA EDIFICIS MUNICIPALS FEBRER 2016,V0/ 617
2016-03-30,2921.19,06,Serveis municipals i via pública,3230,22700,"SERVICIOS JAF, SA",NETEJA EDIFICIS MUNICIPALS FEBRER 2016,V0/ 617
2016-03-30,991.38,06,Serveis municipals i via pública,3321,22700,"SERVICIOS JAF, SA",NETEJA EDIFICIS MUNICIPALS FEBRER 2016,V0/ 617
2016-03-30,811.81,06,Serveis municipals i via pública,9290,22700,"SERVICIOS JAF, SA",NETEJA EDIFICIS MUNICIPALS FEBRER 2016,V0/ 617
2016-03-30,398.34,06,Serveis municipals i via pública,451,22700,"SERVICIOS JAF, SA",NETEJA EDIFICIS MUNICIPALS FEBRER 2016,V0/ 617
2016-03-30,3545.75,06,Serveis municipals i via pública,9293,22700,"SERVICIOS JAF, SA",NETEJA EDIFICIS MUNICIPALS FEBRER 2016,V0/ 617
2016-03-15,150.74,16,Serveis socials,231,48000,"CORPORACIÓN ALIMENTARIA GUISSONA, S.A.",AJUTS SOCIALS GENER 2016,VFA000358
2016-03-30,2810.0,14,Dona i igualtat,231,22706,IL·LUSTRE COL·LEGI D'ADVOCATS DE SABADELL,ASSESSORAMENT JURIDIC DONES PROGRAMA IGUALTAT 2015,
