#Org.,Pro.,Eco.,Descripció,Crèdits inicials,Modificacions de crèdit,Crèdits totals consignats,Obligacions reconegudes
01,336,22606,PATRIMONI,8000.0,0.0,8000.0,0.0
01,912,21400,MANTENIMENT VEHICLE PRESIDÈNCIA,0.0,0.0,0.0,0.0
01,912,48303,APORTACIÓ AL GRUP POLÍTIC VOX,4500.0,0.0,4500.0,2250.0
01,912,10000,RETRIBUCIONS BÀSIQUES I ALTRES RENDIMENTS,165859.0,0.0,165859.0,47250.0
01,912,22103,COMBUSTIBLE VEHICLE PRESIDÈNCIA,1000.0,0.0,1000.0,113.12
01,912,48308,APORTACIÓ AL GRUP POLÍTIC EN COMÚ PODEM,4500.0,0.0,4500.0,2250.0
01,912,22601,DESPESES DIVERSES,6000.0,0.0,6000.0,3922.87
01,912,22199,ALTRES SUBMINISTRAMENTS PRESIDÈNCIA,0.0,0.0,0.0,0.0
01,912,23000,DIETES MEMBRES ORGANS DE GOVERN,300.0,0.0,300.0,0.0
01,912,23300,ALTRES INDEMNITZACIONS,23400.0,0.0,23400.0,9625.0
01,912,48301,APORTACIO AL GRUP POLÍTIC PSC-CP,9960.0,0.0,9960.0,4980.0
01,912,16000,SEGURETAT SOCIAL ÒRGANS DE GOVERN,49758.0,0.0,49758.0,15230.43
01,912,48306,APORTACIÓ AL GRUP POLÌTIC ESQUERRA REPUBLICANA-AM,4500.0,0.0,4500.0,2250.0
01,912,23100,LOCOMOCIÓ MENBRES ÒRGANS DE GOVERN,500.0,0.0,500.0,0.0
01,912,48302,APORTACIÓ AL GRUP POLÍTIC JUNTS-CM,5280.0,0.0,5280.0,2640.0
01,920,12006,TRIENNIS,14239.0,0.0,14239.0,6802.31
01,920,16000,SEGURETAT SOCIAL PERSONAL PRESIDENCIA,116231.0,0.0,116231.0,42426.83
01,920,13002,ALTRES REMUNERACIONS PERSONAL LABORAL FIX,25800.0,0.0,25800.0,25415.52
01,920,12001,RETRIBUCIONS BASIQUES FUNCIONARIS SOUS GRUP A2,15517.0,0.0,15517.0,7642.67
01,920,12100,COMPLEMENT DE DESTINACIÓ,37722.0,0.0,37722.0,18598.91
01,920,12000,RETRIBUCIONS BASIQUES FUNCIONARIS SOUS GRUP A1,17647.0,0.0,17647.0,8691.16
01,920,12004,RETRIBUCIONS BÀSIQUES FUNCIONARIS SOUS GRUP C2,20147.0,0.0,20147.0,9950.27
01,920,13100,RETRIBUCIONS PERSONAL LABORAL TEMPORAL,84198.0,0.0,84198.0,173.62
01,920,15100,GRATIFICACIONS,2000.0,0.0,2000.0,1677.85
01,920,12003,RETRIBUCIONS BÀSIQUES FUNCIONARIS SOUS GRUP C1,11885.0,0.0,11885.0,5862.76
01,920,13000,RETRIBUCIONS BÀSIQUES PERSONAL LABORAL FIX,18897.0,0.0,18897.0,17434.12
01,920,12101,COMPLEMENT ESPECÍFIC,136585.0,0.0,136585.0,67317.38
01,920,15000,PRODUCTIVITAT,4800.0,0.0,4800.0,0.0
01,3322,22699,CONSERVACIÓ ARXIU,0.0,0.0,0.0,2940.3
02,011,31000,INTERESSOS PRÉSTEC DEL SECTOR PRIVAT I OP. TRESORERIA,137000.0,0.0,137000.0,57635.8
02,011,91100,AMORTITZ. PRESTECS A MIG I LLARG DEL S.PUB.,106535.07,0.0,106535.07,106535.07
02,011,91300,AMORTITZACIO PRÈSTECS A MIG I LLARG FORA DEL S.PÚBLIC,561158.45,0.0,561158.45,394766.76
02,221,16204,ACCIÓ SOCIAL PERSONAL,39940.0,0.0,39940.0,40184.22
02,221,16200,FORMACIO I PERFECCIONAMENT PERSONAL,10000.0,272.73,10272.73,0.0
02,221,16106,INDEMNITZACIONS,0.0,9631.97,9631.97,9631.97
02,920,22106,PRODUCTES FARMACEUTICS I MATERIAL SANITARI,500.0,0.0,500.0,0.0
02,920,22105,PRODUCTES ALIMENTARIS,2500.0,0.0,2500.0,909.92
02,920,22699,DESPESES DIVERSES,10000.0,-3100.0,6900.0,2316.91
02,920,12006,TRIENNIS,36795.0,0.0,36795.0,17807.23
02,920,22706,TREBALLS TECNICS REALITZATS ALTRES EMPRESES,16470.0,12488.36,28958.36,22848.4
02,920,62501,MOBILIARI I ESTRIS SERVEIS INTERNS,0.0,6124.09,6124.09,3008.58
02,920,13000,Retribucions bàsiques.,27566.0,0.0,27566.0,8980.17
02,920,12004,RETRIBUCIONS BASIQUES FUNCIONARIS SOUS GRUP C2,50369.0,0.0,50369.0,24773.81
02,920,12101,COMPLEMENT ESPECÍFIC,341038.0,-8547.89,332490.11,141011.55
02,920,22203,COMUNICACIONS INFORMÀTIQUES,14000.0,0.0,14000.0,8953.06
02,920,22299,ALTRES DESPESES EN COMUNICACIONS,1000.0,0.0,1000.0,414.96
02,920,22603,PUBLICACIÓ DIARIS OFICIALS,5000.0,0.0,5000.0,3181.45
02,920,22602,PUBLICITAT I PROPAGANDA,1000.0,0.0,1000.0,1173.94
02,920,21500,MANTENIMENT MOBILIARI I ESTRIS,6700.0,0.0,6700.0,2379.11
02,920,15100,GRATIFICACIONS,2000.0,0.0,2000.0,2221.83
02,920,23020,DIETES PERSONAL NO DIRECTIU,1000.0,0.0,1000.0,1487.11
02,920,21600,MANTENIMENT EQUIPS INFORMÀTICS,14157.0,0.0,14157.0,4983.05
02,920,23300,ALTRES INDEMNITZACIONS,1000.0,0.0,1000.0,344.41
02,920,13002,Altres remuneracions.,44666.0,0.0,44666.0,12744.45
02,920,22201,COMUNICACIONS POSTALS,8000.0,0.0,8000.0,4750.85
02,920,21900,MANTENIMENT PROGRAMES INFORMÀTICS,143740.0,10475.27,154215.27,44905.63
02,920,14300,ALTRE PERSONAL ATIPIC,0.0,0.0,0.0,18132.12
02,920,13100,RETRIBUCIONS PERSONAL LABORAL TEMPORAL,0.0,0.0,0.0,119.87
02,920,22604,DESPESES JURÌDIQUES,5000.0,0.0,5000.0,1597.39
02,920,22000,MATERIAL D'OFICINA,9000.0,0.0,9000.0,4123.64
02,920,15000,PRODUCTIVITAT,11550.0,0.0,11550.0,0.0
02,920,22200,SERVEIS DE TELECOMUNICACIONS,9000.0,0.0,9000.0,4200.15
02,920,64800,QUOTES ARRENDAMENTS FINANCERS,12000.0,3100.0,15100.0,5146.43
02,920,22001,"PREMSA, REVISTES, LLIBRES I ALTRES PUBLICACIONS",24870.0,0.0,24870.0,11058.72
02,920,12003,RETRIBUCIONS BASIQUES FUNCIONARIS SOUS GRUP C1,85174.0,0.0,85174.0,40975.37
02,920,12100,COMPLEMENT DE DESTINACIÓ,123580.0,0.0,123580.0,50006.7
02,920,20200,LLOGUER LOCAL JUTJAT,6200.0,0.0,6200.0,2968.08
02,920,23120,LOCOMOCIÓ PERSONAL NO DIRECTIU,1000.0,0.0,1000.0,211.68
02,920,16105,PENSIONS A CÀRREC DE L'ENTITAT-FUNCIONARIS INTEGRATS-,0.0,0.0,0.0,0.0
02,920,22400,PRIMES ASSEGURANCES,56000.0,0.0,56000.0,35143.48
02,920,22707,TREBALLS REALITZATS PER ALTRES EMPRESES,0.0,0.0,0.0,2178.0
02,920,12000,RETRIBUCIONS BASIQUES FUNCIONARIS SOUS GRUP A1,19117.0,0.0,19117.0,0.0
02,920,62601,EQUIPS PER A PROCESSOS D'INFORMACIO,0.0,2148.38,2148.38,2148.38
02,920,22199,ALTRES SUBMINISTRAMENTS,500.0,0.0,500.0,355.74
02,920,35800,INTERESSOS ARRENDAMENTS FINANCERS,1200.0,0.0,1200.0,331.82
02,920,12001,RETRIBUCIONS BASIQUES FUNCIONARIS SOUS GRUP A2,62070.0,0.0,62070.0,22306.36
02,920,22002,MATERIAL INFORMÀTIC NO INVENTARIABLE,7260.0,0.0,7260.0,2094.11
02,920,16000,SEGURETAT SOCIAL PERSONAL SERVEIS GENERALS,240577.0,0.0,240577.0,89170.75
02,932,22708,SERVEIS DE RECAPTACIÓ A FAVOR DE L'ENTITAT,140000.0,0.0,140000.0,42403.26
02,934,35200,INTERESSOS DE DEMORA,1000.0,0.0,1000.0,0.0
02,934,31100,DESP. FORMALITZACIO MODIFICACIÓ I CANCEL.PRESTECS INTERIOR,1000.0,0.0,1000.0,0.0
02,934,35900,ALTRES DESPESES FINANCERES,4000.0,0.0,4000.0,132.95
02,942,46600,A ALTRES AGRUPACIONS DE MUNICIPIS,5600.0,0.0,5600.0,4334.16
03,130,21900,MANTENIMENT PROGRAMES INFORMÀTICS,3000.0,483.87,3483.87,2903.22
03,130,62501,MOBILIARI I ESTRIS POLICIA LOCAL,0.0,7000.0,7000.0,0.0
03,130,20400,LLOGUER DE MATERIAL DE TRANSPORT,12000.0,423.5,12423.5,5668.85
03,130,12100,COMPLEMENT DE DESTINACIÓ,114097.0,0.0,114097.0,44346.41
03,130,15000,PRODUCTIVITAT,15000.0,0.0,15000.0,3424.44
03,130,22200,SERVEIS DE TELECOMUNICACIONS,3500.0,0.0,3500.0,1446.21
03,130,16000,SEGURETAT SOCIAL PERSONAL SEGURETAT CIUTADANA,267500.0,0.0,267500.0,148275.97
03,130,22605,EDUCACIÓ PER A LA MOBILITAT SEGURA,4000.0,0.0,4000.0,0.0
03,130,12101,COMPLEMENT ESPECÍFIC,459566.0,0.0,459566.0,187609.49
03,130,12003,RETRIBUCIONS BASIQUES FUNCIONARIS SOUS GRUP C1,245617.0,0.0,245617.0,95698.39
03,130,15100,GRATIFICACIONS,70000.0,0.0,70000.0,31115.63
03,130,64800,QUOTES ARRENDAMENT FINANCER VEHICLES I EQUIPS DE TRANSMISSIÓ,22000.0,0.0,22000.0,8893.8
03,130,21400,MANTENIMENT VEHICLES,9000.0,0.0,9000.0,3558.3
03,130,22699,DESPESES DIVERSES,1000.0,0.0,1000.0,100.01
03,130,21300,"MANTENIMENT MAQUINARIA, INSTAL.LACIONS I UTILLATGE",1500.0,0.0,1500.0,0.0
03,130,13002,ALTRES REMUNERACIONS PERSONAL LABORAL FIX,20924.0,0.0,20924.0,10305.4
03,130,22103,SUBMINISTRAMENT  COMBUSTIBLE,7000.0,0.0,7000.0,792.25
03,130,13000,RETRIBUCIONS BÀSIQUES PERSONAL LABORAL FIX,13390.0,0.0,13390.0,6594.41
03,130,14300,Altre personal atípic,0.0,0.0,0.0,24693.91
03,130,12006,TRIENNIS,43071.0,0.0,43071.0,17906.02
03,130,21500,MANTENIMENT MOBILIARI I ESTRIS,2000.0,0.0,2000.0,1557.15
03,130,62300,"MAQUINÀRIA, INSTAL·LACIONS TÈCNIQUES I UTILLATGE",0.0,47848.12,47848.12,0.0
03,130,35800,INTERESSOS ARRENDAMENTS FINANCERS,500.0,0.0,500.0,168.2
03,130,22706,ESTUDIS I TREBALLS TECNICS,0.0,0.0,0.0,1863.4
03,130,22199,ALTRES SUBMINISTRAMENTS,3000.0,0.0,3000.0,2402.22
03,130,22104,SUBMINISTRAMENT  VESTUARI,20000.0,0.0,20000.0,6461.61
03,135,22799,ALTRES DESPESESS DIVERSIS -UNITAT CANINA-,1100.0,0.0,1100.0,1098.57
03,135,22699,ALTRES DESPESES DIVERSES- PROTECCIO CIVIL-,3000.0,0.0,3000.0,3000.0
04,135,22706,ESTUDIS I TREBALLS TECNICS,2000.0,0.0,2000.0,0.0
04,150,15000,PRODUCTIVITAT,7250.0,0.0,7250.0,0.0
04,150,16000,SEGURETAT SOCIAL PERSONAL DESENVOLUPAMENT URBÀ,170494.0,0.0,170494.0,76740.3
04,150,12101,COMPLEMENT ESPECÍFIC,177284.0,0.0,177284.0,86258.0
04,150,22699,ALTRES DESPESES DIVERSES,500.0,0.0,500.0,108.9
04,150,13002,ALTRES REMUNERACIONS PERSONAL LABORAL FIX,92113.0,0.0,92113.0,56131.05
04,150,23300,Altres indemmitzacions,0.0,0.0,0.0,680.0
04,150,22200,SERVEIS DE TELECOMUNICACIONS,2000.0,0.0,2000.0,940.97
04,150,13000,RETRIBUCIONS BÀSIQUES PERSONAL LABORAL FIX,39564.0,0.0,39564.0,26350.81
04,150,22199,ALTRES SUBMINISTRAMENTS,200.0,0.0,200.0,0.0
04,150,21400,MANTENIMENT VEHICLES,1000.0,0.0,1000.0,0.0
04,150,12001,RETRIBUCIONS BASIQUES FUNCIONARIS SOUS GRUP A2,15517.0,0.0,15517.0,7622.88
04,150,22706,"ESTUDIS, PROJECTES I ALTRES TREBALLS TÈCNICS URBANISME",10000.0,0.0,10000.0,3425.3
04,150,12000,RETRIBUCIONS BASIQUES FUNCIONARIS SOUS GRUP A1,52940.0,0.0,52940.0,26073.57
04,150,48900,ALTRES TRANSFERÈNCIES,500.0,0.0,500.0,0.0
04,150,12006,TRIENNIS,14932.0,0.0,14932.0,6895.55
04,150,22103,SUBMINISTRAMENT COMBUSTIBLE,800.0,0.0,800.0,167.51
04,150,15100,GRATIFICACIONS,3000.0,0.0,3000.0,1.99
04,150,12003,RETRIBUCIONS BASIQUES FUNCIONARIS SOUS GRUP C1,36645.0,0.0,36645.0,17559.62
04,150,13100,RETRIBUCIONS PERSONAL LABORAL TEMPORAL,36094.0,0.0,36094.0,145.28
04,150,21900,MANTENIMENT PROGRAMES INFORMÀTICS,12000.0,0.0,12000.0,707.85
04,150,12100,COMPLEMENT DE DESTINACIÓ,75828.0,0.0,75828.0,36898.03
04,150,12004,RETRIBUCIONS BASIQUES FUNCIONARIS SOUS GRUP C2,20147.0,0.0,20147.0,9552.31
04,342,62700,PROJECTES COMPLEXOS,0.0,60000.0,60000.0,0.0
04,1521,68201,EDIFICIS I ALTRES CONSTRUCCIONS,0.0,13003.63,13003.63,0.0
04,1521,45300,TRANSFERÈNCIES A EMPRESES PÚBLIQUES,96000.0,0.0,96000.0,0.0
04,1521,22605,ALTRES DESPESES,2000.0,0.0,2000.0,0.0
04,1521,22703,TREBALLS REALITZATS PER ALTRES EMPRESES I PROFESSIONALS,0.0,3593.7,3593.7,17990.33
05,161,63300,"MAQUINÀRIA, INSTAL·LACIONS I UTILLATGE",0.0,0.0,0.0,0.0
05,171,16003,SEG. SOCIAL PERSONAL PRÀCTIQUES PROGRAMA GARANTIA JUVENIL,0.0,0.0,0.0,0.0
05,171,61000,INVERSIONS EN TERRENYS,0.0,55233.18,55233.18,0.0
05,430,63300,"MAQUINÀRIA, INSTAL·LACIONS I UTILLATGE",0.0,62000.0,62000.0,50088.43
05,1530,61000,INVERSIONS EN TERRENYS,0.0,376516.96,376516.96,117553.8
05,1530,63300,"MAQUINÀRIA, INSTAL·LACIONS I UTILLATGE",0.0,190683.1,190683.1,84242.13
05,1530,64000,DESPESES EN INVERSIONS IMMATERIALS,0.0,18500.0,18500.0,0.0
05,1530,60000,INVERSIONS EN TERRENYS,0.0,30000.0,30000.0,0.0
05,9292,63201,EDIFICIS I ALTRES CONSTRUCCIONS,0.0,0.0,0.0,0.0
05,9294,63201,EDIFICIS I ALTRES CONSTRUCCIONS,0.0,15000.0,15000.0,0.0
06,137,21500,MANTENIMENT PARALLAMPS,2000.0,0.0,2000.0,0.0
06,160,22714,MANTENIMENT CLAVEGUERAM,75000.0,0.0,75000.0,44968.73
06,161,22707,LIQUIDACIÓ ANUAL SERVEI MUNICIPAL D'AIGÜES,0.0,0.0,0.0,175.86
06,163,22700,NETEJA VIÀRIA,475000.0,0.0,475000.0,238259.28
06,163,63300,"MAQUINÀRIA, INSTAL·LACIONS I UTILLATGGE",0.0,140500.0,140500.0,0.0
06,164,63201,EIDIFICIS I ALTRES CONSTRUCCIONS,0.0,810674.64,810674.64,640224.66
06,165,22715,MANTENIMENT ENLLUMENAT PÚBLIC,110000.0,23460.78,133460.78,37315.87
06,171,22716,MANTENIMENT JARDINERIA,440000.0,923.77,440923.77,186338.48
06,171,22710,MANTENIMENT PROGRAMA GESTIÓ XARXA DE REG,1716.0,142.99,1858.99,714.95
06,171,62501,MOBILIARI I ESTRIS,0.0,15000.0,15000.0,0.0
06,171,22709,MANTENIMENT JOCS INFANTILS,30000.0,0.0,30000.0,9579.28
06,231,22711,MANTENIMENT ALARMA PIS SOCIAL,400.0,0.0,400.0,0.0
06,333,22711,MANTENIMENT ALARMA EQUIPAMENTS CULTURALS,700.0,0.0,700.0,0.0
06,333,22700,NETEJA EQUIPAMENTS CULTURA,9900.0,0.0,9900.0,4945.4
06,333,22713,CLIMATITZACIÓ EQUIPAMENTS CULTURA,5100.0,0.0,5100.0,371.52
06,337,22711,MANTENIMENT ALARMA EQUIPAMENT ESPAI JOVE,750.0,0.0,750.0,0.0
06,337,22713,CLIMATITZACIÓ EQUIPAMENT ESPAI JOVE,4100.0,0.0,4100.0,371.52
06,337,22700,NETEJA EQUIPAMENT ESPAI JOVE,13197.0,0.0,13197.0,6598.7
06,338,21500,MOBILIARI I ESTRIS,0.0,7725.85,7725.85,7725.85
06,338,22717,ENLLUMENAT NADAL,60000.0,58315.95,118315.95,58315.95
06,342,22707,MANTENIMENT EQUIPAMENTS ESPORTIUS,206000.0,30497.09,236497.09,127196.25
06,342,22711,MANTENIMENT ALARMA EQUIPAMENTS ESPORTIUS,2800.0,0.0,2800.0,0.0
06,342,22713,CLIMATITZACIÓ EQUIPAMENTS ESPORTIUS,28000.0,0.0,28000.0,12368.72
06,342,22706,MANTENIMENT GESPA ARTIFICIAL I SISTEMA DE REG CAMP DE FUTBOL,5500.0,1346.11,6846.11,1346.13
06,430,22712,MANTENIMENT ASCENSOR CENTRE D'EMPRESES CAN GAVARRA,1500.0,57.11,1557.11,342.65
06,430,22713,CLIMATITZACIO CENTRE D'EMPRESES CAN GAVARRA,18000.0,0.0,18000.0,8568.76
06,430,22700,NETEJA CENTRE DE EMPRESES CAN GAVARRA,26000.0,837.43,26837.43,11122.38
06,451,22700,NETEJA MAGATZEM BRIGADA,5300.0,0.0,5300.0,2619.48
06,451,22713,CLIMATITZACIÓ LOCAL BRIGADA MUNICIPAL,3100.0,0.0,3100.0,62.64
06,451,22711,MANTENIMENT ALARMA NAU BRIGADA,500.0,0.0,500.0,0.0
06,451,62400,ELEMENTS DE TRANSPORT,0.0,48410.39,48410.39,45827.54
06,920,22700,NETEJA EDIFICIS MUNICIPALS,70000.0,0.0,70000.0,35439.4
06,920,22712,MANTENIMENT ASCENSOR EDIFICI MUNICIPAL,1500.0,57.1,1557.1,342.6
06,920,22713,CLIMATITZACIÓ EDIFICIS MUNICIPALS,18000.0,0.0,18000.0,1956.13
06,1530,62501,MOBILIARI I ESTRIS ESPAI PÚBLIC,0.0,58675.13,58675.13,4744.41
06,1621,22700,RECOLLIDA DE RESIDUS,530000.0,4704.94,534704.94,324205.32
06,1622,22700,GESTIÓ DE RESIDUS SÒLIDS URBANS,70000.0,0.0,70000.0,27245.9
06,1622,22711,MANTENIMENT ALARMA DEIXALLERIA,500.0,0.0,500.0,0.0
06,1623,22700,TRACTAMENT DE RESIDUS,390000.0,9370.06,399370.06,242656.34
06,3230,22700,NETEJA ESCOLES PÚBLIQUES,240000.0,0.0,240000.0,117025.63
06,3230,22711,MANTENIMENT ALARMA ESCOLES PÚBLIQUES,1700.0,0.0,1700.0,0.0
06,3230,22713,CLIMATITZACIÓ ESCOLES PÚBLIQUES,13500.0,4611.43,18111.43,7071.59
06,3230,22712,MANTENIMENT ASCENSOR ESCOLES PUBLIQUES,1500.0,114.2,1614.2,685.2
06,3231,22713,CLIMATITZACIÓ ESCOLES BRESSOL MUNICIPALS,11000.0,0.0,11000.0,5256.45
06,3231,22712,MANTENIMENT ASCENSOR ESCOLES BRESSOLS MUNICIPALS,750.0,57.1,807.1,342.6
06,3231,22700,NETEJA ESCOLES BRESSOL MUNICIPALS,103400.0,0.0,103400.0,51677.96
06,3231,22711,MANTENIMENT ALARMA ESCOLES BRESSOL MUNICIPALS,1700.0,0.0,1700.0,0.0
06,3261,22700,NETEJA I ACONDICIONAMENT,0.0,0.0,0.0,2621.28
06,3321,22712,TREBALLS REALITZATS PER ALTRES EMPRESES,0.0,57.1,57.1,342.6
06,3321,22700,NETEJA BIBLIOTECA,18100.0,0.0,18100.0,9011.72
06,3321,22713,TREBALLS REALITZATS PER ALTRES EMPRESES,0.0,0.0,0.0,6107.15
06,9290,22713,CLIMATITZACIÓ LOCAL ÀREA ATENCIÓ A LES PERSONES,5600.0,0.0,5600.0,371.52
06,9290,22700,NETEJA LOCAL D'ÀREA ATENCIÓ A LES PERSONES,7920.0,0.0,7920.0,3959.14
06,9292,22700,NETEJA I ACONDICIONAMENT EQUIPAMENTS MUNICIPALS,0.0,2190.1,2190.1,2190.1
06,9293,22711,MANTENIMENT ALARMA EQUIPAMENT EL ROURE,1200.0,0.0,1200.0,0.0
06,9293,22700,NETEJA EQUIPAMENT EL ROURE,35000.0,0.0,35000.0,17526.1
06,9293,22712,MANTENIMENT ASCENSOR EQUIPAMENT EL ROURE,750.0,57.1,807.1,342.61
06,9293,22713,CLIMATITZACIÓ EQUIPAMENT EL ROURE,12000.0,0.0,12000.0,3406.14
07,170,22200,SERVEIS DE TELECOMUNICACIONS,700.0,0.0,700.0,219.24
07,170,21400,MANTENIMENT BICICLETES MEDI AMBIENT,300.0,0.0,300.0,0.0
07,170,15000,PRODUCTIVITAT,0.0,0.0,0.0,0.0
07,170,21900,MANTENIMENT APP NATURA LOCAL,1000.0,0.0,1000.0,907.5
07,170,14300,ALTRE PERSONAL,0.0,0.0,0.0,90.08
07,170,48900,SUBVENCIONS ENTITATS,500.0,0.0,500.0,0.0
07,170,16000,SEGURETAT SOCIAL PERSONAL MEDI AMBIENT,0.0,0.0,0.0,28.94
07,170,21300,MANTENIMENT ESTACIÓ METEOROLÒGICA,3000.0,3970.44,6970.44,3970.44
07,170,22199,ALTRES SUBMINISTRAMENTS,500.0,0.0,500.0,144.97
07,454,61900,ACTUACIONS EN CAMINS RURALS,0.0,26883.24,26883.24,0.0
07,454,22706,ACTUACIONS CAMINS FORESTALS,25000.0,-25000.0,0.0,0.0
07,459,61000,INVERSIONS EN TERRENYS,0.0,1802.9,1802.9,1802.9
07,942,46700,A CONSORCIS,4000.0,0.0,4000.0,2108.57
07,1530,62301,"MAQUINARIA, INSTAL·LACIONS I ESTRIS",0.0,6000.0,6000.0,0.0
07,1622,20800,LLOGUER D'ALTRE IMMOBILITZAT MATERIAL,2000.0,203.64,2203.64,1221.84
07,1722,22611,ACTIVITATS D'EDUCACIÓ I SENSIBILITZACIÓ AMBIENTAL,18000.0,0.0,18000.0,0.0
07,1722,22610,ACTUACIONS PREVENCIÓ DE RESIDUS,9000.0,0.0,9000.0,1368.07
07,1722,22707,TREBALLS REALITZATS PER ALTRES EMPRESES,500.0,0.0,500.0,0.0
07,1722,22199,ALTRES SUBMINISTRAMENTS,2000.0,0.0,2000.0,0.0
07,1722,22608,ALTRES DESPESES DIVERSES,1500.0,0.0,1500.0,0.0
08,330,22602,PUBLICITAT I PROPAGANDA,2500.0,0.0,2500.0,653.4
08,330,16000,SEGURETAT SOCIAL PERSONAL CULTURA I FESTES,20496.0,0.0,20496.0,7307.98
08,330,15100,GRATIFICACIONS,2000.0,0.0,2000.0,186.54
08,330,15000,PRODUCTIVITAT,1350.0,0.0,1350.0,0.0
08,330,13000,RETRIBUCIONS BÀSIQUES PERSONAL LABORAL FIX,23211.0,0.0,23211.0,7373.3
08,330,62501,MOBILIARI I ESTRIS CULTURA I FESTES,0.0,14232.32,14232.32,14232.32
08,330,14300,ALTRE PERSONAL ATIPIC,13993.0,0.0,13993.0,5294.05
08,330,13002,ALTRES REMUNERACIONS PERSONAL LABORAL FIX,29765.0,0.0,29765.0,8712.63
08,333,22199,ALTRES SUBMINISTRAMENTS,1500.0,0.0,1500.0,66.2
08,333,62501,MOBILIARI I ESTRIS CULTURA I FESTES,0.0,1826.49,1826.49,994.79
08,333,22200,SERVEIS DE TELECOMUNICACIONS,1600.0,0.0,1600.0,0.0
08,333,22203,INFORMÀTIQUES,0.0,0.0,0.0,667.86
08,333,21500,MANTENIMENT MOBILIARI I ESTRIS,1000.0,0.0,1000.0,0.0
08,334,48900,SUBVENCIONS ENTITATS CULTURALS,19000.0,3320.52,22320.52,14381.49
08,334,48901,CONVENI EL GRUP-ACTIVITATS CULTURALS,8500.0,1700.0,10200.0,8500.0
08,334,22609,ACTIVITATS CULTURA,16500.0,768.0,17268.0,4916.54
08,338,22611,FESTES NADALENQUES,68500.0,30250.0,98750.0,53572.75
08,338,20800,LLOGUER D'ALTRE IMMOBILITZAT MATERIAL,69000.0,0.0,69000.0,16379.44
08,338,22199,ALTRES SUBIMINISTRAMENTS CULTURA,0.0,0.0,0.0,649.51
08,338,22614,FESTA MAJOR D'ESTIU,80000.0,0.0,80000.0,2135.25
08,338,22710,SERVEIS D'ENGINYERIA,21000.0,0.0,21000.0,675.74
08,338,22612,ALTRES FESTES POPULARS,15500.0,0.0,15500.0,11988.49
08,338,22610,FESTA MAJOR D'HIVERN,8000.0,0.0,8000.0,6889.0
08,942,46700,CONSORCI NORMALITZACIÓ LINGÜISTICA,10000.0,0.0,10000.0,0.0
08,3321,13002,ALTRES REMUNERACIONS PERSONAL LABORAL FIX,32155.0,0.0,32155.0,15811.51
08,3321,15000,PRODUCTIVITAT,1800.0,0.0,1800.0,0.0
08,3321,21900,EQUIPS PER A PROCESSOS D'INFORMACIÓ,1700.0,0.0,1700.0,0.0
08,3321,22000,MATERIAL D'OFICINA,0.0,0.0,0.0,514.3
08,3321,13100,RETRIBUCIONS PERSONAL LABORAL TEMPORAL,28397.0,0.0,28397.0,13943.89
08,3321,22200,SERVEIS DE TELECOMUNICACIONS,900.0,0.0,900.0,1229.32
08,3321,16000,SEGURETAT SOCIAL PERSONAL BIBLIOTECA,27804.0,0.0,27804.0,15713.11
08,3321,35800,INTERESSOS ARRENDAMENT FINANCERS,260.0,50.0,310.0,139.77
08,3321,62501,MOBILIARI I ESTRIS BIBLIOTECA,0.0,29157.54,29157.54,28714.17
08,3321,13000,RETRIBUCIONS BÀSIQUES PERSONAL LABORAL FIX,30327.0,0.0,30327.0,14910.82
08,3321,22001,LLIBRES BIBLIOTECA,7200.0,0.0,7200.0,5044.01
08,3321,22199,ALTRES SUBMINISTRAMENTS,1000.0,0.0,1000.0,286.93
08,3321,22609,ACTIVITATS BIBLIOTECA,15000.0,0.0,15000.0,4430.92
08,3321,21200,COMUNITAT BIBLIOTECA,6000.0,0.0,6000.0,0.0
08,3321,15100,GRATIFICACIOS PERSONAL FUNCIONARI,1000.0,0.0,1000.0,4499.33
08,3321,22105,PRODUCTES ALIMENTARIS,0.0,0.0,0.0,115.32
08,3321,64800,QUOTES ARRENDAMENTS FINANCERS,1700.0,900.0,2600.0,1071.03
08,3321,22203,COMUNICACIONS INFORMÀTIQUES,500.0,0.0,500.0,0.0
08,3321,22300,TRANSPORTS,300.0,0.0,300.0,38.48
08,3321,21500,MANTENIMENT MOBILIARI I ESTRIS,100.0,0.0,100.0,0.0
09,924,22706,PARTICIPACIÓ CIUTADADA,3700.0,0.0,3700.0,0.0
09,3321,22105,PRODUCTES ALIMENTARIS,0.0,0.0,0.0,0.0
09,9230,22706,CAMPANYES DE COMUNICACIÓ,11550.0,3415.83,14965.83,4607.68
09,9232,22602,"BUTLLETÍ, AGENDA I ALTRES PUBLIC MUNICIPALS -TRANSPARÈNCIA-",28550.0,6708.0,35258.0,16258.92
09,9232,22706,SERVEIS DE FOTOGRAFIA,10000.0,1028.5,11028.5,5299.8
09,9232,48900,SUBVENCIONS,500.0,100.0,600.0,0.0
09,9232,22608,MANTENIMENT PÀGINA WEB I IMATGE CORPORATIVA,7615.0,0.0,7615.0,0.0
09,9232,21900,MANTENIMENT PROGRAMES INFORMÀTICS,990.0,0.0,990.0,0.0
10,241,14100,PERSONAL PLANS D'OCUPACIÓ,0.0,0.0,0.0,0.0
10,241,16002,SEGURETAT SOCIAL ALTRE PERSONAL PLA D'OCUPACIO,0.0,0.0,0.0,0.0
10,241,16106,INDEMNITZACIONS,0.0,0.0,0.0,0.0
10,337,20500,LLOGUER DE MOBILIARI I ESTRIS,500.0,0.0,500.0,315.06
10,337,22199,ALTRES SUBMINISTRAMENTS,2500.0,0.0,2500.0,1723.65
10,337,22709,SERVEI  DINAMITZACIÓ ESPAI JOVE,65000.0,4237.41,69237.41,25424.46
10,337,48901,CONVENI EL GRUP-ACTIVITATS JUVENILS,18000.0,3600.0,21600.0,18000.0
10,337,12101,COMPLEMENT ESPECÍFIC,0.0,0.0,0.0,0.0
10,337,22609,ACTIVITATS INFANTILS I JUVENILS,74500.0,3372.27,77872.27,20802.35
10,337,20800,LLOGUER D'ALTRE IMMOBILITZAT MATERIAL,12000.0,0.0,12000.0,260.39
10,337,22203,COMUNICACCIONS INFORMATIQUES,3000.0,0.0,3000.0,1427.93
10,337,21500,MANTENIMENT MOBILIARI I ESTRIS,1000.0,0.0,1000.0,0.0
10,337,22710,PROGRAMA SALUT JOVE,18000.0,2062.16,20062.16,598.95
10,337,48900,SUBVENCIONS ENTITATS JUVENILS,3000.0,587.91,3587.91,2959.62
10,337,22707,PUNT D'INFORMACIÓ JUVENIL,30000.0,2328.72,32328.72,13972.32
10,337,12100,COMPLEMENT DE DESTINACIÓ,0.0,0.0,0.0,0.0
10,337,22602,PUBLICITAT I PROPAGANDA JOVENTUT,3000.0,0.0,3000.0,0.0
10,337,13100,RETRIBUCIONS PERSONAL LABORAL EVENTUAL,65395.0,0.0,65395.0,33710.68
10,337,22613,CASAL D'ESTIU,124000.0,0.0,124000.0,0.0
10,337,16000,SEGURETAT SOCIAL PERSONAL JOVENTUT,22828.0,0.0,22828.0,15123.6
10,337,14300,Altre personal atípic,9350.0,0.0,9350.0,9720.31
10,337,62501,MOBILIARI I ESTRIS JOVENTUT,0.0,1374.32,1374.32,0.0
10,337,12001,RETRIBUCIONS BASIQUES FUNCIONARIS SOUS GRUP A2.,0.0,0.0,0.0,0.0
10,337,15100,GRATIFICACIONS PERSONAL FUNCIONARI,0.0,0.0,0.0,4.71
10,337,15000,PRODUCTIVITAT PERNAL FUNCIONARI,1350.0,0.0,1350.0,0.0
10,337,63201,EDIFICIS I ALTRES CONSTRUCCIONS JOVENTUT,0.0,20.0,20.0,0.0
11,320,12001,RETRIBUCIONS BÀSIQUES FUNCIONARIS SOUS GRUP A2,15517.0,0.0,15517.0,7642.67
11,320,15100,GRATIFICACIONS,500.0,0.0,500.0,181.62
11,320,12100,COMPLEMENT DE DESTINACIÓ,8582.0,0.0,8582.0,4226.74
11,320,16000,SEGURETAT SOCIAL PERSONAL EDUCACIÓ,26281.0,0.0,26281.0,13728.96
11,320,12101,COMPLEMENT ESPECIFIC,15230.0,0.0,15230.0,7500.85
11,320,13000,RETRIBUCIONS BÀSIQUES PERSONAL LABORAL FIX,19767.0,0.0,19767.0,9735.88
11,320,15000,PRODUCTIVITAT,1200.0,0.0,1200.0,0.0
11,320,13002,ALTRES REMUNERACIONS PERSONAL LABORAL FIX,23812.0,0.0,23812.0,11727.59
11,320,12006,Triennis.,3496.0,0.0,3496.0,1444.31
11,3230,13100,RETRIBUCIONS PERSONAL LABORAL TEMPORAL,0.0,0.0,0.0,129.7
11,3230,15100,GRATIFICACIONS,2000.0,0.0,2000.0,374.97
11,3230,22200,SERVEIS DE TELECOMUNICACIONS,3400.0,0.0,3400.0,1322.18
11,3230,16000,SEGURETAT SOCIAL PERSONAL CONSERGERIA ESCOLES PÚBLIQUES,30282.0,0.0,30282.0,13989.75
11,3230,15000,PRODUCTIVITAT,2050.0,0.0,2050.0,0.0
11,3230,20800,LLOGUER D'ALTRE INMOBILITZAT MATERIAL,2000.0,0.0,2000.0,0.0
11,3230,22199,ALTRES SUBMINISTRAMENTS,200.0,0.0,200.0,1384.91
11,3230,14300,Altre personal atípic,11616.0,0.0,11616.0,1085.99
11,3230,63200,INVERSIONS DE REPOSICIÓ ED.I ALTRES CONSTRUCCIONS,0.0,100282.46,100282.46,82375.15
11,3230,13002,ALTRES REMUNERACIONS PERSONAL LABORAL FIX,55942.0,0.0,55942.0,27467.73
11,3230,13000,RETRIBUCIONS BÀSIQUES PERSONAL LABORAL FIX,31332.0,0.0,31332.0,14981.68
11,3231,22602,PUBLICITAT I PROPAGANDA ESCOLES BRESSOL,0.0,0.0,0.0,38.12
11,3231,21900,MANTENIMENT PROGRAMES INFORMÀTICS,1700.0,0.0,1700.0,0.0
11,3231,22703,COMPENSACIÓ SERVEI MENJADOR ESCOLES BRESSOLS,110000.0,6606.6,116606.6,77398.32
11,3231,15100,GRATIFICACIONS,3000.0,0.0,3000.0,2297.19
11,3231,22105,PRODUCTES ALIMENTARIS,850.0,0.0,850.0,541.2
11,3231,62501,MOBILIARI I ESTRIS ESCOLES BRESSOL,0.0,1650.21,1650.21,1167.0
11,3231,21500,MANTENIMENT MOBILIARI I ESTRIS,3500.0,0.0,3500.0,1860.61
11,3231,22106,PRODUCTES FARMACÈUTICS I MATERIAL SANITARI ESCOLES BRESSOL,50.0,0.0,50.0,24.9
11,3231,22610,ALTRES DESPESES,153000.0,0.0,153000.0,79242.94
11,3231,22203,COMUNICACIONS INFORMÀTIQUES,1500.0,0.0,1500.0,0.0
11,3231,22200,SERVEIS DE TELECOMUNICACIONS,1700.0,0.0,1700.0,1418.49
11,3231,13000,RETRIBUCIONS BÀSIQUES PERSONAL LABORAL FIX,288113.0,0.0,288113.0,113272.79
11,3231,16000,SEGURETAT SOCIAL PERSONAL ESCOLES BRESSOL MUNICIPALS,215402.0,0.0,215402.0,105202.39
11,3231,13100,RETRIBUCIONS PERSONAL LABORAL TEMPORAL,91454.0,0.0,91454.0,38020.46
11,3231,22199,ALTRES SUBMINISTRAMENTS,4500.0,0.0,4500.0,965.7
11,3231,22104,SUBMINISTRAMENT VESTUARI,4000.0,0.0,4000.0,1851.36
11,3231,13002,ALTRES REMUNERACIONS PERSONAL LABORAL FIX,325789.0,0.0,325789.0,141616.59
11,3231,15000,PRODUCTIVITAT,12650.0,0.0,12650.0,0.0
11,3231,22400,PRIMES ASSEGURANCES,3000.0,0.0,3000.0,920.89
11,3231,14300,ALTRE PERSONAL ATIPIC,0.0,0.0,0.0,52299.25
11,3231,22300,TRANSPORTS,500.0,0.0,500.0,0.0
11,3232,14300,ALTRE PERSONAL ATIPIC,0.0,0.0,0.0,13.83
11,3232,16000,SEGURETAT SOCIAL PERSONAL ATIPIC,0.0,0.0,0.0,6.24
11,3260,22400,PRIMES ASSEGURANCES,1500.0,0.0,1500.0,57.28
11,3260,22602,PUBLICITAT I PROPAGANDA EDUCACIÓ,2200.0,0.0,2200.0,170.71
11,3260,22610,PROGRAMES EDUCATIUS,20235.0,1246.3,21481.3,11024.66
11,3260,22707,FORMACIÓ,2500.0,0.0,2500.0,0.0
11,3260,22199,ALTRES SUBMINISTRAMENTS EDUCACIÓ,0.0,0.0,0.0,133.42
11,3260,22300,TRANSPORT EDUCACIÓ,0.0,0.0,0.0,0.0
11,3260,48900,SUBVENCIONS ENTITATS,32000.0,1041.63,33041.63,12412.63
11,3261,22300,TRANSPORT PROGRAMES EDUCATIUS,2100.0,0.0,2100.0,2712.24
11,3261,20800,LLOGUER MÒDUL,11040.0,1102.07,12142.07,6612.42
11,3261,22707,TREBALLS REALITZATS PER ALTRES EMPRESES,39800.0,6080.0,45880.0,21280.0
11,3261,22199,ALTRES SUBMINISTRAMENTS,600.0,0.0,600.0,0.0
11,3262,22199,ALTRES SUBMINISTRAMENTS,1200.0,0.0,1200.0,284.13
11,3262,13100,RETRIBUCIONS PERSONAL LABORAL TEMPORAL,0.0,0.0,0.0,0.0
11,3262,15000,PRODUCTIVITAT,600.0,0.0,600.0,0.0
11,3262,22707,TREBALLS REALITZATS PER ALTRES EMPRESES,26260.0,0.0,26260.0,8450.0
11,3262,13002,ALTRES REMUNERACIONS PERSONAL LABORAL FIX,17673.0,0.0,17673.0,8704.18
11,3262,21900,EQUIPS PER A PROCESSOS D'INFORMACIÓ,0.0,0.0,0.0,181.38
11,3262,16000,SEGURETAT SOCIAL PERSONAL FORMACIÓ BÀSICA,10982.0,0.0,10982.0,5879.79
11,3262,21500,MANTENIMENT MOBILIARI I ESTRIS,3000.0,0.0,3000.0,1791.12
11,3262,22602,PUBLICITAT I PROPAGANDA FORMACIÓ ADULTS,0.0,0.0,0.0,32.68
11,3262,22610,ALTRES DESPESES,0.0,2923.0,2923.0,3298.5
11,3262,13000,RETRIBUCIONS BÀSIQUES PERSONAL LABORAL FIX,18334.0,0.0,18334.0,9029.97
12,3260,48900,BEQUES D'OPORTUNITAT,70000.0,15460.85,85460.85,12363.94
12,9290,22400,PRIMES ASSEGURANCES,500.0,0.0,500.0,0.0
12,9290,12001,RETRIBUCIONS BÀSIQUES FUNCIONARIS SOUS GRUP A2,15517.0,0.0,15517.0,7642.67
12,9290,62501,MOBILIARI I ESTRIS AT. CIUTADANA I DRETRS SOCIALS,0.0,224.52,224.52,0.0
12,9290,21500,MANTENIMENT MOBILIARI I ESTRIS,2000.0,0.0,2000.0,1090.63
12,9290,12101,COMPLEMENT ESPECÍFIC,135618.0,0.0,135618.0,65923.35
12,9290,22105,PRODUCTES ALIMENTARIS,450.0,0.0,450.0,441.98
12,9290,12006,TRIENNIS,12033.0,0.0,12033.0,5273.18
12,9290,12100,COMPLEMENT DE DESTINACIÓ,41371.0,0.0,41371.0,20031.17
12,9290,15000,PRODUCTIVITAT,5400.0,0.0,5400.0,0.0
12,9290,12004,RETRIBUCIONS BASIQUES FUNCIONARIS SOUS GRUP C2,40295.0,0.0,40295.0,19057.83
12,9290,13000,RETRIBUCIONS BÀSIQUES PERSONAL LABORAL FIX,24200.0,0.0,24200.0,11052.44
12,9290,12003,RETRIBUCIONS BASIQUES FUNCIONARIS SOUS GRUP C1,23769.0,0.0,23769.0,11706.76
12,9290,22200,SERVEIS DE TELECOMUNICACIONS,4000.0,0.0,4000.0,3655.19
12,9290,22000,MATERIAL D'OFICINA,500.0,0.0,500.0,57.68
12,9290,13002,ALTRES REMUNERACIONS PERSONAL LABORAL FIX,37430.0,0.0,37430.0,17277.21
12,9290,15100,GRATIFICACIONS,1500.0,0.0,1500.0,1629.12
12,9290,22199,ALTRES SUBMINISTRAMENTS,500.0,0.0,500.0,9.08
12,9290,16000,SEGURETAT SOCIAL PERSONAL ADM. ACCIÓ CIUTADANA I BEN.SOCIAL,100690.0,0.0,100690.0,44502.54
12,9293,13000,RETRIBUCIONS BÀSIQUES PERSONLA LABORAL FIX,9914.0,0.0,9914.0,4882.92
12,9293,22200,SERVEIS DE TELECOMUNICACIONS,1500.0,0.0,1500.0,1026.97
12,9293,13002,ALTRES REMUNERACIONS PERSONAL LABORAL FIX,18647.0,0.0,18647.0,9184.56
12,9293,16000,SEGURETAT SOCIAL PERSONAL ADM.D'EL ROURE,8748.0,0.0,8748.0,5134.07
12,9293,15000,PRODUCTIVITAT,600.0,0.0,600.0,0.0
12,9293,15100,GRATIFICACIONS,2000.0,0.0,2000.0,1036.54
12,9293,20500,LLOGUER DE MOBILIARI I ESTRIS,500.0,0.0,500.0,0.0
12,9293,22105,PRODUCTES ALIMENTARIS,500.0,0.0,500.0,137.17
13,340,13002,ALTRES REMUNERACIONS PERSONAL LABORAL FIX,26026.0,0.0,26026.0,9458.62
13,340,12100,COMPLEMENT DE DESTINACIÓ,8582.0,0.0,8582.0,4222.66
13,340,13000,RETRIBUCIONS BÀSIQUES PERSONAL LABORAL FIX,15230.0,0.0,15230.0,3994.58
13,340,12006,TRIENIS,0.0,0.0,0.0,1.82
13,340,16000,SEGURETAT SOCIAL PERSONAL ESPORTS,23957.0,0.0,23957.0,7466.8
13,340,12101,COMPLEMENT ESPECÍFIC,13300.0,0.0,13300.0,6544.18
13,340,12001,RETRIBUCIONS BASIQUES FUNCIONARIS SOUS GRUP A2,15517.0,0.0,15517.0,7635.96
13,340,15000,PRODUCTIVITAT,1200.0,0.0,1200.0,0.0
13,340,15100,GRATIFICACIONS,500.0,0.0,500.0,226.73
13,341,22608,PROMOCIÓ ESPORTIVA,4500.0,0.0,4500.0,0.0
13,341,22609,ACTIVITATS DINAMITZACIÓ ESPORTIVA,32000.0,2284.48,34284.48,17221.68
13,341,22199,ALTRES SUBMINISTRAMENTS,2000.0,0.0,2000.0,0.0
13,341,48900,SUBVENCIONS ESPORTIVES,54000.0,14155.68,68155.68,51411.5
13,342,22203,COMUNICACIONS INFORMÀTIQUES EQUIPAMENTS ESPORTIUS,2000.0,0.0,2000.0,769.19
13,342,22199,ALTRES SUBMINISTRAMENTS,5000.0,0.0,5000.0,0.0
13,342,22400,PRIMES ASSEGURANCES,500.0,0.0,500.0,0.0
13,342,20800,LLOGUER D'ALTRE IMMOBILITZAT MATERIAL,2000.0,0.0,2000.0,0.0
13,342,22699,ALTRES DESPESES DIVERSES,0.0,0.0,0.0,91.33
13,342,22200,SERVEIS DE TELECOMUNICACIONS,1000.0,0.0,1000.0,819.9
13,342,22709,COMPENSACIÓ EQUILIBRI FINANCER COMPLEX ESPORTIU,130000.0,130000.0,260000.0,265174.45
13,342,22707,TREBALLS REALITZATS PER ALTRES EMPRESES,13500.0,0.0,13500.0,82.28
13,342,63201,EDIFICIS I ALTRES CONSTRUCCIONS,0.0,177941.96,177941.96,0.0
13,342,62501,MOBILIARI I ESTRIS ESPORTS,0.0,17000.0,17000.0,0.0
14,231,22706,SERVEIS ATENCIÓ A LA DONA,19000.0,1199.26,20199.26,8845.56
14,231,22199,ALTRES SUBMINISTRAMENTS,500.0,0.0,500.0,0.0
14,231,22608,PROGRAMA DE LA DONA,18200.0,1930.05,20130.05,5855.02
14,231,48900,SUBVENCIONS A ENTITATS,2500.0,439.8,2939.8,2439.8
14,1521,68201,EDIFICIS I ALTRES CONSTRUCCIONS,0.0,0.0,0.0,0.0
15,311,48900,CONVENI ASSOCIACIÓ ESPANYOLA CONTRA EL CÀNCER,1500.0,300.0,1800.0,300.0
15,311,22608,PROGRAMES SALUT I CONSUM,3000.0,0.0,3000.0,0.0
15,311,22709,ACTUACIONS SALUT I CONSUM,43000.0,3568.22,46568.22,17722.22
15,311,12101,COMPLEMENT ESPECÍFIC,17217.0,0.0,17217.0,8479.73
15,311,15100,GRATIFICACIONS,500.0,0.0,500.0,0.0
15,311,12006,TRIENNIS,4887.0,0.0,4887.0,2405.48
15,311,12001,RETRIBUCIONS BÀSIQUES FUNCIONARIS SOUS GRUP A2,15517.0,0.0,15517.0,7642.67
15,311,12100,COMPLEMENT DE DESTINACIÓ,8582.0,0.0,8582.0,4226.74
15,311,16000,"SEGURETAT SOCIAL PERSONAL SALUT PÚBLICA, CONSUM I BEN.SOCIAL",14041.0,0.0,14041.0,6006.06
15,311,22711,PLA LOCAL DE SALUT,0.0,5299.8,5299.8,5299.8
15,311,15000,PRODUCTIVITAT,600.0,0.0,600.0,0.0
15,311,22106,PRODUCTES FARMACÈUTICS I MATERIAL SANITARI,1000.0,0.0,1000.0,0.0
15,311,21500,MANTENIMENT APARELLS DEA I SMART,4000.0,183.32,4183.32,1099.92
15,313,22199,ALTRES SUBMINISTRAMENTS,10000.0,0.0,10000.0,2762.23
15,313,22710,ACTUACIONS BENESTAR ANIMAL,61000.0,697.2,61697.2,19805.22
15,313,22699,CAMPANYES BESNESTAR ANIMAL,9000.0,0.0,9000.0,422.25
16,231,13002,ALTRES REMUNERACIONS PERSONAL LABORAL FIX,65646.0,0.0,65646.0,21554.54
16,231,48901,ALTRES SUBVENCIONS,500.0,6000.0,6500.0,0.0
16,231,14300,ALTRE PERSONAL ATIPIC,0.0,0.0,0.0,170.06
16,231,48004,AJUTS TRANSPORT ADAPTAT,7000.0,0.0,7000.0,0.0
16,231,16000,SEGURETAT SOCIAL PERSONAL BENESTAR SOCIAL,50087.0,0.0,50087.0,25184.79
16,231,13000,RETRIBUCIONS BÀSIQUES PERSONAL LABORAL FIX,54478.0,0.0,54478.0,19021.94
16,231,22709,SERVEI D'INTERVENCIÓ SOCIOEDUCATIVA,55000.0,4979.0,59979.0,29874.0
16,231,48903,CONVENI EL GRUP-VETLLADORS CASAL ESTIU,10000.0,2000.0,12000.0,10000.0
16,231,48005,AJUTS ASSISTÈNCIA JURIDICA,2000.0,0.0,2000.0,1655.0
16,231,20200,LLOGUER EDIFICIS I ALTRES CONSTRUCCIONS,35500.0,0.0,35500.0,15163.2
16,231,22103,SUBMINISTRAMENT COMBUSTIBLE,400.0,0.0,400.0,311.59
16,231,48003,AJUTS INFÀNCIA,20000.0,1285.0,21285.0,1643.22
16,231,48000,AJUTS SOCIALS,16000.0,255.0,16255.0,5102.0
16,231,15000,PRODUCTIVITAT,2400.0,0.0,2400.0,0.0
16,231,48911,PROGRAMA ARRANJAMENT HABITATGES GENT GRAN,4000.0,0.0,4000.0,0.0
16,231,13100,RETRIBUCIONS PERSONAL LABORAL TEMPORAL,44434.0,0.0,44434.0,38578.51
16,231,48001,AJUTS NECESSITATS BÀSIQUES,90000.0,0.0,90000.0,0.0
16,231,22613,ALTRES DESPESES CASALS ESTIU,18000.0,0.0,18000.0,0.0
16,231,46500,ATENCIO DOMICILIARIA EAIA CONSELL COMARCAL DEL V. OCCIDENTAL,109000.0,18488.44,127488.44,59480.63
16,231,46100,SERVEI TELEASSISTENCIA DIPUTACIO BARCELONA,20000.0,0.0,20000.0,0.0
16,231,21400,MANTENIMENT VEHICLES,1200.0,0.0,1200.0,0.0
16,231,48200,CONVENI CREU ROJA,9000.0,0.0,9000.0,9000.0
16,231,15100,GRATIFICACIONS,500.0,0.0,500.0,0.0
16,231,48900,SUBVENCIONS SERVEIS SOCIALS,5000.0,0.0,5000.0,0.0
16,231,22199,ALTRES SUBMINISTRAMENTS,0.0,0.0,0.0,335.1
17,241,12101,COMPLEMENT ESPECÍFIC,12573.0,0.0,12573.0,6192.54
17,241,62501,MOBILIARI I ESTRIS OCUPACIÓ,0.0,2000.0,2000.0,1535.81
17,241,12006,Triennis.,301.0,0.0,301.0,148.16
17,241,22605,CURSOS FORMACIÓ,20000.0,3561.0,23561.0,6391.0
17,241,15000,PRODUCTIVITAT,3200.0,0.0,3200.0,0.0
17,241,14101,ALTRE PERSONAL PLA D'OCUPACIÓ,0.0,9816.26,9816.26,0.0
17,241,12100,COMPLEMENT DE DESTINACIÓ,4378.0,0.0,4378.0,2156.35
17,241,13000,RETRIBUCIONS BÀSIQUES PERSONAL LABORAL FIX,70615.0,0.0,70615.0,33112.35
17,241,16001,SEGURETAT SOCIAL ALTRE PERSONAL PLA D'OCUPACIÓ,0.0,0.0,0.0,1804.39
17,241,22606,"REUNIONS, CONFERÈNCIES I CURSOS",0.0,52389.0,52389.0,22616.02
17,241,21900,EQUIPS PER A PROCESSOS D'INFORMACIÓ,0.0,0.0,0.0,362.76
17,241,16000,SEGURETAT SOCIAL PERSONAL OCUPACIÓ,66438.0,0.0,66438.0,31795.78
17,241,15100,GRATIFICACIONS,2000.0,0.0,2000.0,1.15
17,241,12004,RETRIBUCIONS BÀSIQUES FUNCIONARIS SOUS GRUP C2,10074.0,0.0,10074.0,4961.56
17,241,14102,ALTRE PERSONAL PROGRAMA FOMENT PRÀCTIQUES,0.0,32018.52,32018.52,11714.74
17,241,14100,PERSONAL PLANS D'OCUPACIÓ,0.0,32554.38,32554.38,6054.13
17,241,16002,SEGURETAT SOCIAL ALTRE PERSONAL PLA D'OCUPACIO,0.0,10091.54,10091.54,592.43
17,241,16003,SEG. SOCIAL PERSONAL PROGRAMA FOMENT PRÀCTIQUES,0.0,11206.48,11206.48,3029.13
17,241,22707,TREBALLS REALITZATS PER ALTRES EMPRESES,3500.0,0.0,3500.0,800.0
17,241,14300,ALTRE PERSONAL ATIPIC,12654.0,0.0,12654.0,0.0
17,241,22602,PUBLICITAT I PROPAGANDA,500.0,0.0,500.0,0.0
17,241,21500,MANTENIMENT MOBILIARI I ESTRIS,1500.0,0.0,1500.0,206.23
17,241,64800,QUOTES ARRENDAMENT FINANCER ORDINADORS,2950.0,0.0,2950.0,1474.08
17,241,13100,RETRIBUCIONS PERSONAL LABORAL TEMPORAL,0.0,0.0,0.0,0.0
17,241,13002,ALTRES REMUNERACIONS PERSONAL LABORAL FIX,107664.0,0.0,107664.0,51408.72
17,241,22199,ALTRES SUBMINISTRAMENTS,500.0,0.0,500.0,229.23
17,241,22000,MATERIAL D'OFICINA,500.0,0.0,500.0,0.0
17,242,16000,SEGURETAT SOCIAL,0.0,0.0,0.0,0.0
17,942,46500,CONVENI COL.LABORACIÓ PROGRAMES OCUPACIÓ,13850.0,6000.0,19850.0,8000.0
18,164,21200,MANTENIMENT CEMENTIRI,1000.0,0.0,1000.0,0.0
18,165,21000,INSTAL.LACIONS ENLLUMENAT PER FESTES,1000.0,0.0,1000.0,0.0
18,165,22100,SUBMINISTRAMENT ENERGIA ELÈCTRICA ENLLUMENAT PÚBLIC,110000.0,13829.24,123829.24,53434.86
18,171,21000,MANTENIMENT PARCS INFANTILS,4000.0,0.0,4000.0,0.0
18,171,21500,MANTENIMENT JOCS INFANTILS,3000.0,0.0,3000.0,392.04
18,171,21001,MANTENIMENT ZONES VERDES,5000.0,1001.75,6001.75,1144.74
18,231,22100,SUBMINISTRAMENT ENERGIA ELÈCTRICA DEP. SERVEIS SOCIALS,1400.0,0.0,1400.0,178.77
18,231,22102,SUBMINISTRAMENT GAS,1300.0,0.0,1300.0,535.31
18,231,21200,MANTENIMENT DEPENDÈNCIES SERVEIS SOCIALS,500.0,0.0,500.0,0.0
18,333,22100,SUBMINISTRAMENT ENERGIA ELÈCTRICA EQUIPAMENTS CULTURALS,5500.0,440.63,5940.63,1948.93
18,333,21200,MANTENIMENT EQUIPAMENTS CULTURALS,7000.0,1664.72,8664.72,2281.43
18,333,22199,ALTRES SUBMINISTRAMENTS,500.0,0.0,500.0,0.0
18,333,21900,MANTENIMENT PROGRAMES INFORMÀTICS,2000.0,0.0,2000.0,0.0
18,333,22102,SUBMINISTRAMENT GAS EQUIPAMENTS CULTURALS,6500.0,126.66,6626.66,1676.84
18,337,21200,MANTENIMENT EQUIPAMENT ESPAI JOVE,8000.0,0.0,8000.0,2635.51
18,337,22100,SUBMINISTRAMENT ENERGIA ELÈCTRICA EQUIPAMENT ESPAI JOVE,4000.0,253.19,4253.19,1459.95
18,338,21300,INSTAL.LACIONS PER FESTES,1000.0,0.0,1000.0,0.0
18,338,22707,TREBALLS REALITZATS PER ALTRES EMPRESES PER FESTES,7000.0,0.0,7000.0,0.0
18,338,22199,ALTRES SUBMINISTRAMENTS,600.0,0.0,600.0,0.0
18,342,21200,MANTENIMENT EQUIPAMENTS ESPORTIUS,35000.0,17896.97,52896.97,32184.96
18,342,22199,ALTRES SUBMINISTRAMENTS,2000.0,0.0,2000.0,1602.86
18,342,20500,LLOGUER MOBILIARI I ESTRIS,100.0,0.0,100.0,0.0
18,342,20300,LLOGUER DE MAQUINARIA INSTAL.LACIONS I UTILLATGE,500.0,0.0,500.0,0.0
18,342,21300,"MANTENIMENT MAQUINÀRIA, INSTAL.LACIONS I UTILLATGE",100.0,0.0,100.0,0.0
18,342,22100,SUMINISTRAMENT ENERGIA ELÈCTRICA EQUIPAMENTS ESPORTIUS,35000.0,1074.79,36074.79,16615.69
18,342,21000,INFRAESTUCTURA I BENS NATURALS,9000.0,0.0,9000.0,0.0
18,342,22102,SUBMINISTRAMENT GAS EQUIPAMENTS ESPORTIUS,24000.0,0.0,24000.0,6335.89
18,342,21500,MANTENIMENT MOBILIARI I ESTRIS,1500.0,0.0,1500.0,0.0
18,342,22707,TREBALLS REALITZATS PER ALTRES EMPRESES,0.0,0.0,0.0,0.0
18,342,22103,PEL.LETS EQUIPAMENTS ESPORTIUS,9000.0,0.0,9000.0,1925.0
18,430,21200,MANTENIMENT CAN GAVARRA,10000.0,554.79,10554.79,554.79
18,430,21500,MANTENIMENT MOBILIARI I ESTRIS CAN GAVARRA,500.0,0.0,500.0,0.0
18,430,22100,SUBMINISTRAMENT ELÈCTRIC CAN GAVARRA,8000.0,1260.13,9260.13,6094.11
18,451,20400,LLOGUER DE MATERIAL DE TRANSPORT,100.0,0.0,100.0,0.0
18,451,15100,GRATIFICACIONS,5000.0,0.0,5000.0,1825.67
18,451,22100,SUBMINISTRAMENT ELECTRIC MAGATZEM BRIGADA,4000.0,217.53,4217.53,2147.27
18,451,12006,TRIENNIS,2076.0,0.0,2076.0,525.91
18,451,22104,SUBMINISTRAMENT VESTUARI,6000.0,0.0,6000.0,3025.32
18,451,21300,"MANTENIMENT MAQUINÀRIA , INSTAL.LACIONS I UTILLATGE",2000.0,0.0,2000.0,411.7
18,451,22106,PRODUCTES FARMACEUTICS I MATERIAL SANITARI,300.0,0.0,300.0,0.0
18,451,16000,SEGURETAT SOCIAL PERSONAL BRIGADA,124316.0,0.0,124316.0,51295.86
18,451,21400,MANTENIMENT VEHICLES,6000.0,0.0,6000.0,4947.87
18,451,22200,SERVEIS DE TELECOMUNICACIONS,2000.0,0.0,2000.0,1174.25
18,451,13002,ALTRES REMUNERACIONS PERSONAL LABORAL FIX,127304.0,0.0,127304.0,39976.21
18,451,13100,RETRIBUCIONS PERSONAL LABORAL TEMPORAL,147229.0,0.0,147229.0,62585.24
18,451,12100,COMPLEMENT DE DESTINACIÓ,15228.0,0.0,15228.0,6278.54
18,451,20200,LLOGUER NAU MAGATZEM BRIGADA,20000.0,0.0,20000.0,9662.64
18,451,20300,LLOGUER DE MAQUINARIA INSTAL.LACIONS I UTILLATGE,100.0,0.0,100.0,0.0
18,451,62501,MOBILIARI I ESTRIS BRIGADA,0.0,3500.0,3500.0,3364.01
18,451,22105,PRODUCTES ALIMENTARIS,500.0,0.0,500.0,72.16
18,451,15000,PRODUCTIVITAT,6950.0,0.0,6950.0,0.0
18,451,14300,Altre personal atípic,0.0,0.0,0.0,13587.89
18,451,12003,RETRIBUCIONS BÀSIQUES FUNCIONARIS SOUS GRUP C1,11885.0,0.0,11885.0,3469.2
18,451,21200,MANTENIMENT MAGATZEM BRIGADA,1000.0,158.57,1158.57,836.66
18,451,12001,RETRIBUCIONS BÀSIQUES FUNCIONARIS SOUS GRUP A2,15517.0,0.0,15517.0,6642.67
18,451,12101,COMPLEMENT ESPECIFIC,26672.0,0.0,26672.0,10679.09
18,451,21500,MANTENIMENT MOBILIARI I ESTRIS,300.0,0.0,300.0,321.92
18,451,22103,SUBMINISTRAMENT COMBUSTIBLE,4000.0,0.0,4000.0,1133.73
18,451,22199,ALTRES SUBMINISTRAMENTS -MATERIAL BRIGADA-,70000.0,-3500.0,66500.0,29450.28
18,451,22203,COMUNICACIONS INFORMATIQUES,1500.0,0.0,1500.0,774.4
18,451,13000,RETRIBUCIONS BÀSIQUES PERSONAL LABORAL FIX,61527.0,0.0,61527.0,11610.54
18,459,21000,MANTENIMENT HORTS MUNICIPALS,2500.0,0.0,2500.0,0.0
18,920,21200,MANTENIMENT EDIFICI AJUNTAMENT I ALTRES,12000.0,600.93,12600.93,5773.02
18,920,22100,SUBMINISTRAMENT ENERGIA ELÈCTRICA EDIFICI AJUNTAMENT I ALTRE,20000.0,1294.88,21294.88,8446.48
18,1530,25000,DESPESES PER EXECUCIONS SUBSIDIÀRIES,0.0,1751.55,1751.55,0.0
18,1530,21000,ACTUACIONS EN VIES PÚBLIQUES,35000.0,6128.2,41128.2,19196.1
18,1530,21300,"MANTENIMENT MAQUINARIA, INSTAL.LACIONS I UTILLATGE",3000.0,0.0,3000.0,1149.5
18,1530,21500,MANTENIMENT MOBILIARI I ESTRIS,2000.0,0.0,2000.0,3268.44
18,1530,22199,ALTRES SUBMINISTRAMENTS,5000.0,3967.41,8967.41,20433.76
18,1532,21000,PAVIMENTACIÓ DE VIES PÚBLIQUES,25000.0,0.0,25000.0,0.0
18,1622,22200,SERVEIS DE TELECOMUNICACIONS DEIXALLERIA,600.0,0.0,600.0,703.66
18,1622,22203,COMUNICACIONS INFORMÀTIQUES DEIXALLERIA,1500.0,0.0,1500.0,0.0
18,1622,21200,MANTENIMENT EDIFICIS SERV.MUNICIPALS DEIXALLERIA,3000.0,0.0,3000.0,276.76
18,1622,22100,SUMINISTRAMENT ENERGIA ELÈCTRICA DEIXALLERIA,1500.0,88.23,1588.23,273.96
18,3230,21200,MANTENIMENT ESCOLES PÚBLIQUES,40000.0,1613.03,41613.03,8608.44
18,3230,22102,SUB. GAS ESCOLES PÚBLIQUES,95000.0,0.0,95000.0,34033.3
18,3230,22100,SUB. ENERGIA ELÈCTRICA ESCOLES PÚBLIQUES,40000.0,1605.89,41605.89,17249.99
18,3230,21500,MANTENIMENT MOBILIARI I ESTRIS ESCOLES PÚBLIQUES,500.0,0.0,500.0,0.0
18,3231,21200,MANTENIMENT ESCOLES BRESSOL MUNICIPALS,18000.0,648.31,18648.31,3238.65
18,3231,21500,MANTENIMENT MOBILIARI I ESTRIS ESCOLES BRESSOL MUNICIPALS,500.0,0.0,500.0,0.0
18,3231,22706,ESTUDIS I TREBALLS TECNICS,1500.0,0.0,1500.0,0.0
18,3231,22100,SUB. ENERGIA ELÈCTRICA ESCOLES BRESSOL MUNICIPALS,16000.0,644.24,16644.24,6180.47
18,3231,22102,SUB. GAS ESCOLES BRESSOL MUNICIPALS,25000.0,0.0,25000.0,7097.75
18,3321,21500,MANTENIMENT MOBILIARI I ESTRIS,500.0,0.0,500.0,0.0
18,3321,22100,SUBMINISTRAMENT ENERGIA ELÈCTRICA BIBLIOTECA,14000.0,-209.36,13790.64,4343.87
18,3321,21200,MANTENIMENT BIBLIOTECA,5000.0,0.0,5000.0,550.28
18,9290,22100,SUBM.ENERG.ELÈCTRICA LOCAL ACCIÓ CIUTADANA I DRETS SOCIALS,5500.0,265.39,5765.39,1598.59
18,9290,21200,MANTENIMENT LOCAL AREA ACCIÓ CIUTADANA I DRETS SOCIALS,6000.0,0.0,6000.0,108.9
18,9293,22100,SUBMINISTRAMENT ENERGIA ELECTRICA EDIFICI EL ROURE,38000.0,818.95,38818.95,10502.13
18,9293,21500,"MANTENIMENT MOBILIARI I ESTRIS """"EL ROURE""""",500.0,0.0,500.0,0.0
18,9293,21200,"MANTENIMENT EDIFICI """"EL ROURE""""",18000.0,849.72,18849.72,1799.57
18,9293,22102,"SUBMINISTRAMENT GAS """"EL ROURE""""",1500.0,133.69,1633.69,358.37
19,231,22608,ACTIVITATS SOLIDARITAT,8000.0,-2000.0,6000.0,1255.18
19,231,48900,SUBVENCIONS SOLIDARITAT,72000.0,-16296.8,55703.2,8703.2
19,231,78900,ALTRES TRANSFERÈNCIES DE CAPITAL A ENTITATS,0.0,27000.0,27000.0,0.0
20,241,22707,TREBALLS REALITZATS PER ALTRES EMPRESES,0.0,4203.49,4203.49,4203.49
20,430,64800,ARRENDAMENT FINANCER ORDINADORS,5200.0,0.0,5200.0,1598.28
20,430,12003,RETRIBUCIONS BASIQUES FUNCIONARIS SOUS GRUP C1,990.0,0.0,990.0,0.0
20,430,22199,ALTRES SUBMINISTRAMENTS,2000.0,0.0,2000.0,1514.43
20,430,12006,TRIENNIS,6678.0,0.0,6678.0,2940.09
20,430,22002,MATERIAL INFORMÀTIC NO INVENTARIABLE,500.0,0.0,500.0,0.0
20,430,22105,PRODUCTES ALIMENTARIS,1500.0,0.0,1500.0,815.54
20,430,13100,RETRIBUCIONS PERSONAL LABORAL TEMPORAL,107421.0,0.0,107421.0,26127.27
20,430,21900,MANTENIMENT PROGRAMES INFORMÀTICS CAN GAVARRA,3800.0,0.0,3800.0,471.78
20,430,22606,DINAMITZACIÓ COMERCIAL,7000.0,5904.8,12904.8,8959.71
20,430,12001,RETRIBUCIONS BÀSIQUES FUNCIONARIS SOUS GRUP A2,12931.0,0.0,12931.0,3640.83
20,430,48900,SUBVENCIONS ENTITATS COMERCIALS I INDUSTRIALS,2000.0,0.0,2000.0,0.0
20,430,12004,RETRIBUCIONS BÀSIQUES FUNCIONARIS SOUS GRUP C2,20147.0,0.0,20147.0,9728.29
20,430,22602,PUBLICITAT I PROPAGANDA,2000.0,0.0,2000.0,306.13
20,430,22707,TREBALLS REALITZATS PER ALTRES EMPRESES,4000.0,74457.9,78457.9,14476.14
20,430,15000,PRODUCTIVITAT,9700.0,0.0,9700.0,0.0
20,430,48901,CONVENI ASSOCIACIÓ COMERCIANTS,8000.0,0.0,8000.0,0.0
20,430,22709,TREBALLS REALITZATS PER ALTRES EMPRESES,0.0,3973.2,3973.2,0.0
20,430,12101,COMPLEMENT ESPECIFIC,50679.0,0.0,50679.0,25028.16
20,430,21300,MANTENIMENT INSTAL·LACIONS (WIFI I CENTRALETA),500.0,0.0,500.0,0.0
20,430,14300,Altre personal atípic,27025.0,22254.24,49279.24,32010.42
20,430,47900,ALTRES SUBVENCIONS A EMPRESES PRIVADES,0.0,18117.0,18117.0,0.0
20,430,16000,SEGURETAT SOCIAL PERSONAL SERVEI A LES EMPRESES,87698.0,10674.3,98372.3,37997.92
20,430,22200,SERVEIS DE TELECOMUNICACIONS,1800.0,0.0,1800.0,372.23
20,430,22701,SEGURETAT,4500.0,0.0,4500.0,1839.95
20,430,13002,Altres remuneracions.,21882.0,0.0,21882.0,15691.85
20,430,22203,COMUNICACIONS INFORMATIQUES,5000.0,157.3,5157.3,1852.51
20,430,62501,MOBILIARI I ESTRIS PROMOCIÓ ECONÒMICA,0.0,1414.66,1414.66,0.0
20,430,12100,COMPLEMENT DE DESTINACIÓ,17549.0,0.0,17549.0,6765.82
20,430,22608,ALTRES DESPESES PROMOCIÓ ECONÒMICA,12000.0,53662.8,65662.8,25314.43
20,430,13000,Retribucions bàsiques.,17323.0,0.0,17323.0,9757.45
20,430,22000,MATERIAL D'OFICINA,500.0,0.0,500.0,0.0
20,430,21500,MANTENIMENT MOBILIARI I ESTRIS,1000.0,0.0,1000.0,207.52
20,430,15100,GRATIFICACIONS,2000.0,0.0,2000.0,831.02
20,942,46700,A CONSORCIS,1000.0,0.0,1000.0,250.0
20,942,46600,A RIERA DE CALDES,7000.0,0.0,7000.0,3061.75
20,942,46500,CONVENI COL.LABORACIO CONSELL COMARCAL V.OC.,5000.0,0.0,5000.0,2014.12
20,4310,22602,PUBLICITAT I PROPAGANDA,0.0,0.0,0.0,0.0
21,337,16000,SEGURETAT SOCIAL PERSONAL GENT GRAN,11245.0,0.0,11245.0,13889.23
21,337,13002,Altres remuneracions.,0.0,0.0,0.0,10991.01
21,337,14300,ALTRE PERSONAL ATIPIC,2323.0,0.0,2323.0,453.03
21,337,22610,SORTIDES GENT GRAN,9000.0,388.41,9388.41,6978.13
21,337,15100,GRATIFICACIONS,2000.0,0.0,2000.0,2449.07
21,337,22611,ACTIVITATS GENT GRAN,39064.48,7146.92,46211.4,26704.65
21,337,22199,ALTRES SUBMINISTRAMENTS,4000.0,0.0,4000.0,224.64
21,337,22612,FESTES POPULARS,8500.0,702.5,9202.5,1553.06
21,337,13000,Retribucions bàsiques.,0.0,0.0,0.0,6709.5
21,337,15000,PRODUCTIVITAT,650.0,0.0,650.0,0.0
21,337,22608,SERVEI DE PODOLOGIA,3500.0,642.6,4142.6,1249.5
21,337,13100,RETRIBUCIONS PERSONAL LABORAL TEMPORAL,34512.0,0.0,34512.0,14188.52
21,337,22200,SERVEIS DE TELECOMUNICACIONS,500.0,0.0,500.0,94.38
21,337,22602,PUBLICITAT I PROPAGANDA,3000.0,0.0,3000.0,2315.24
